,,,,,,,,,,,,,,,,,,,,,,,Areas and Densities,,,,,,,,,,,,,,,,,,,,,,,,,,,,,,,,Blocks and Roads,,,,,,,,,,,,,,,,,,,,,,,,,,,,,,,,,,,,,,,,,,,,,,,,,,,,,,,,,,,,,,,,,
,-,-,-,,-,-,,-,,,,-,-,-,-,,-,-,-,-,-,-,POPULATION,,,,,URBAN EXTENT,,,,,,,,,,,,,,,,,DENSITY,,,,,,,,,,ROADS,,,,,,,,,,,,,,ARTERIAL ROADS,,,,,,,,,,,,,,,,,,BLOCKS AND PLOTS,,,,,,,,,,,,,,,,,,,,,,,,,,,,,,,,,
,-,-,-,,-,-,,-,,,,-,-,-,-,,-,-,-,-,-,-,Population,,,Avg. Annual % Change,,Urban Composition,,,,,,,,,,,,Avg. Annual % Change,,Urban Extent Actuals,,,Built-up Area,,,,,Urban Extent,,,,,Share of Built-up Area Occupied by Roads & Boulevards,,Average Street Width,,Street Width Composition,,,,,,,,,,Density of Arterial Roads,,,,,,Share of area within walking distance of arterial road,,,,,,Beeline distance to arterial roads,,,,,,Average Block Size,,Average Plot Size,,,,Composition of Residential Uses,,,,,,,,Composition of Added Area,,,,,,,,,,,,,,,,,,,
,-,-,Areas and Densities,,,Blocks and Roads,,,Historical Data,,,-,-,-,-,,-,-,-,-,-,-,Population,,,Population,,Urban,,,Suburban,,,Rural,,,Open space,,,Total,,T1,T2,T3,Built-up Area,,,Avg. Annual % Change,,Urban Extent,,,Avg. Annual % Change,,Share of Built-up Area Occupied by Roads & Boulevards,,Average Street Width,,<4m,,4-8m,,8-12m,,12-16m,,>16m,,All,,Wide,,Narrow,,All,,Wide,,Narrow,,All,,Wide,,Narrow,,Average Block Size,,Average Plot Size in Informal Land Subdivisions,,Average Plot Size in Formal Land Subdivisions,,Share of Residential in Atomistic Settlements,,Share of Residential in Informal Subdivisions,,Share of Residential in Formal Subdivisions,,Share of Residential in Housing Projects,,Total added area (ha),,,,"added area, infill (ha)",,,,"added area, Extension (ha)",,,,"added area, Leapfrog (ha)",,,,Inclusion (ha),,,
City Code,Latitude,Longitude,Maps,Metrics,GIS,Maps,Metrics,GIS,Maps,Metrics,GIS,Image,Flag,Source,Country,Region,Population,Extent,Density,T1,T2,T3,T1,T2,T3,T1-T2,T2-T3,T1,T2,T3,T1,T2,T3,T1,T2,T3,T1,T2,T3,T1-T2,T2-T3,,,,T1,T2,T3,T1-T2,T2-T3,T1,T2,T3,T1-T2,T2-T3,Pre-1990,1990-2015,Pre-1990,1990-2015,Pre-1990,1990-2015,Pre-1990,1990-2015,Pre-1990,1990-2015,Pre-1990,1990-2015,Pre-1990,1990-2015,Pre - 1990,1990 - 2015,Pre - 1990,1990 - 2015,Pre - 1990,1990 - 2015,Pre - 1990,1990 - 2015,Pre - 1990,1990 - 2015,Pre - 1990,1990 - 2015,Pre - 1990,1990 - 2015,Pre - 1990,1990 - 2015,Pre - 1990,1990 - 2015,Pre-1990,1990-2015,Pre - 1990,1990 - 2015,Pre - 1990,1990 - 2015,Pre - 1990,1990 - 2015,Pre - 1990,1990 - 2015,Pre - 1990,1990 - 2015,Pre - 1990,1990 - 2015,T1-T2,T2-T3,annual change T1-T2 (%),annual change T2-T3 (%),T1-T2,T2-T3,Percent T1-T2 added area,Percent T2-T3 added area,T1-T2,T2-T3,Percent T1-T2 added area,Percent T2-T3 added area,T1-T2,T2-T3,Percent T1-T2 added area,Percent T2-T3 added area,T1-T2,T2-T3,Percent T1-T2 added area,Percent T2-T3 added area
WORLD,-,-,-,,-,,,,,,,-,-,WORLD,-,-,-,-,-,-,-,-,-,-,-,4.5%,2.8%,-,-,-,-,-,-,-,-,-,-,-,-,5.90%,4.30%,-,-,-,168.0,129,103,-2.0%,-1.6%,100,83,69,-1.4%,-1.5%,0.21,0.21,8.73,7.43,0.20,0.29,0.37,0.41,0.21,0.16,0.10,0.07,0.12,0.08,2.01,1.32,1.39,0.82,0.63,0.50,0.92,0.82,0.83,0.69,0.54,0.50,225,419,358,715,1031,1286,4.39,2.25,426,462,519,515,22%,31%,17%,27%,50%,28%,12%,14%,-,-,-,-,-,-,-,-,-,-,-,-,-,-,-,-,-,-,-,-
REGION,-,-,-,,-,,,,,,,-,-,Trash (ASD),,,-,-,-,-,-,-,-,-,-,4.0%,2.8%,-,-,-,-,-,-,-,-,-,-,-,-,5.1%,4.5%,-,-,-,165.00,123,97,-2.0%,-1.7%,103,85,67,-1.2%,-1.6%,0.21,0.23,8.21,7.54,0.25,0.16,0.37,0.48,0.16,0.25,0.08,0.07,0.14,0.05,2.26,1.59,1.41,0.91,0.85,0.67,0.96,0.85,0.86,0.72,0.68,0.62,182,342,308,542,572,691,4.22,4.37,-,513,481,307,24%,14%,13%,35%,45%,38%,18%,13%,-,-,-,-,-,-,-,-,-,-,-,-,-,-,-,-,-,-,-,-
REGION,-,-,-,,-,,,,,,,-,-,Trash (ASD),,,-,-,-,-,-,-,-,-,-,4.0%,2.8%,-,-,-,-,-,-,-,-,-,-,-,-,5.1%,4.5%,-,-,-,165.00,123,97,-2.0%,-1.7%,103,85,67,-1.2%,-1.6%,0.21,0.23,8.21,7.54,0.25,0.16,0.37,0.48,0.16,0.25,0.08,0.07,0.14,0.05,2.26,1.59,1.41,0.91,0.85,0.67,0.96,0.85,0.86,0.72,0.68,0.62,182,342,308,542,572,691,4.22,4.37,-,513,481,307,24%,14%,13%,35%,45%,38%,18%,13%,-,-,-,-,-,-,-,-,-,-,-,-,-,-,-,-,-,-,-,-
REGION,-,-,-,,-,,,,,,,-,-,Trash (ASD),,,-,-,-,-,-,-,-,-,-,4.0%,2.8%,-,-,-,-,-,-,-,-,-,-,-,-,5.1%,4.5%,-,-,-,165.00,123,97,-2.0%,-1.7%,103,85,67,-1.2%,-1.6%,0.21,0.23,8.21,7.54,0.25,0.16,0.37,0.48,0.16,0.25,0.08,0.07,0.14,0.05,2.26,1.59,1.41,0.91,0.85,0.67,0.96,0.85,0.86,0.72,0.68,0.62,182,342,308,542,572,691,4.22,4.37,-,513,481,307,24%,14%,13%,35%,45%,38%,18%,13%,-,-,-,-,-,-,-,-,-,-,-,-,-,-,-,-,-,-,-,-
REGION,-,-,-,,-,,,,,,,-,-,Trash (ASD),,,-,-,-,-,-,-,-,-,-,4.0%,2.8%,-,-,-,-,-,-,-,-,-,-,-,-,5.1%,4.5%,-,-,-,165.00,123,97,-2.0%,-1.7%,103,85,67,-1.2%,-1.6%,0.21,0.23,8.21,7.54,0.25,0.16,0.37,0.48,0.16,0.25,0.08,0.07,0.14,0.05,2.26,1.59,1.41,0.91,0.85,0.67,0.96,0.85,0.86,0.72,0.68,0.62,182,342,308,542,572,691,4.22,4.37,-,513,481,307,24%,14%,13%,35%,45%,38%,18%,13%,-,-,-,-,-,-,-,-,-,-,-,-,-,-,-,-,-,-,-,-
REGION,-,-,-,,-,,,,,,,-,-,Trash (ASD),,,-,-,-,-,-,-,-,-,-,4.0%,2.8%,-,-,-,-,-,-,-,-,-,-,-,-,5.1%,4.5%,-,-,-,165.00,123,97,-2.0%,-1.7%,103,85,67,-1.2%,-1.6%,0.21,0.23,8.21,7.54,0.25,0.16,0.37,0.48,0.16,0.25,0.08,0.07,0.14,0.05,2.26,1.59,1.41,0.91,0.85,0.67,0.96,0.85,0.86,0.72,0.68,0.62,182,342,308,542,572,691,4.22,4.37,-,513,481,307,24%,14%,13%,35%,45%,38%,18%,13%,-,-,-,-,-,-,-,-,-,-,-,-,-,-,-,-,-,-,-,-
REGION,-,-,-,,-,,,,,,,-,-,Trash (ASD),,,-,-,-,-,-,-,-,-,-,4.0%,2.8%,-,-,-,-,-,-,-,-,-,-,-,-,5.1%,4.5%,-,-,-,165.00,123,97,-2.0%,-1.7%,103,85,67,-1.2%,-1.6%,0.21,0.23,8.21,7.54,0.25,0.16,0.37,0.48,0.16,0.25,0.08,0.07,0.14,0.05,2.26,1.59,1.41,0.91,0.85,0.67,0.96,0.85,0.86,0.72,0.68,0.62,182,342,308,542,572,691,4.22,4.37,-,513,481,307,24%,14%,13%,35%,45%,38%,18%,13%,-,-,-,-,-,-,-,-,-,-,-,-,-,-,-,-,-,-,-,-
REGION,-,-,-,,-,,,,,,,-,-,Trash (ASD),,,-,-,-,-,-,-,-,-,-,4.0%,2.8%,-,-,-,-,-,-,-,-,-,-,-,-,5.1%,4.5%,-,-,-,165.00,123,97,-2.0%,-1.7%,103,85,67,-1.2%,-1.6%,0.21,0.23,8.21,7.54,0.25,0.16,0.37,0.48,0.16,0.25,0.08,0.07,0.14,0.05,2.26,1.59,1.41,0.91,0.85,0.67,0.96,0.85,0.86,0.72,0.68,0.62,182,342,308,542,572,691,4.22,4.37,-,513,481,307,24%,14%,13%,35%,45%,38%,18%,13%,-,-,-,-,-,-,-,-,-,-,-,-,-,-,-,-,-,-,-,-
REGION,-,-,-,,-,,,,,,,-,-,América Latina y El Caribe (ALC),,,-,-,-,-,-,-,-,-,-,4.0%,2.8%,-,-,-,-,-,-,-,-,-,-,-,-,5.1%,4.5%,-,-,-,165.00,123,97,-2.0%,-1.7%,103,85,67,-1.2%,-1.6%,0.21,0.23,8.21,7.54,0.25,0.16,0.37,0.48,0.16,0.25,0.08,0.07,0.14,0.05,2.26,1.59,1.41,0.91,0.85,0.67,0.96,0.85,0.86,0.72,0.68,0.62,182,342,308,542,572,691,4.22,4.37,-,513,481,307,24%,14%,13%,35%,45%,38%,18%,13%,-,-,-,-,-,-,-,-,-,-,-,-,-,-,-,-,-,-,-,-
1,3.985947863,-73.76155996,Acacias_T1_T2_T3.pdf,Acacias_metrics.jpg,Acacias.zip,Acacias.jpg,Acacias_Metrics.jpg,Acacias.zip,,,,Acacias.jpg,Acacias.png,Acacías,Meta,América Latina y El Caribe,"55,575",829,67.02,1988-03-01,2000-09-01,2013-06-01,"19,489","33,631","55,575",4.60%,4.7%,26%,23%,46%,26%,29%,17%,3%,2%,1%,45%,46%,36%,2.9%,6.5%,252,362,829,141.00,173,105,1.6%,-3.9%,77,93,67,1.5%,-2.6%,0.22,0.23,  10.7 ,  6.9 ,3%,13%,3%,54%,55%,26%,26%,6%,5%,1%,4.50,2.40,0.00,0.00,4.50,2.40,100%,96%,0%,-,100%,96%,60,575,-,1025,60,911,2.50,2.30,-,116,3,100,12%,11%,0%,78%,88%,4%,0%,6%,56,336,3.3%,14.0%,5,61,9%,18%,16,224,29%,67%,12,18,21%,6%,23,33,41%,10%
2,8.568354757,-74.55497921,Achi_T1_T2_T3.pdf,Achi_metrics.jpg,Achi.zip,Achi.jpg,Achi_Metrics.jpg,Achi.zip,,,,Achi.jpg,Achi.png,Achí,Bolivar,América Latina y El Caribe,"5,992",75,79.54,1987-01-01,2001-07-01,2014-07-01,"4,443","4,871","5,992",6.3%,6.3%,59%,45%,51%,0%,0%,0%,0%,0%,2%,41%,55%,47%,4.8%,2.5%,27,54,75,281.00,198,151,-2.4%,-2.1%,166,90,80,-4.2%,-1.0%,0.21,0.09,  5.9 ,  5.9 ,9%,9%,77%,85%,14%,6%,0%,0%,0%,0%,3.90,2.90,1.70,0.00,3.90,2.90,100%,100%,0%,-,100%,100%,60,257,-,344,60,796,0.40,0.70,139,410,0,-,12%,25%,88%,75%,0%,0%,0%,0%,9,15,3.8%,4.2%,0,9,3%,59%,7,5,77%,30%,2,2,20%,11%,0,0,0%,0%
3,8.3059,-73.6117,Aguachica_T1_T2_T3.pdf,Aguachica_metrics.jpg,Aguachica.zip,Aguachica.jpg,Aguachica_Metrics.jpg,Aguachica.zip,,,,Aguachica.jpg,Aguachica.png,Aguachica,Cesar,América Latina y El Caribe,"77,254","1,039",74.39,1989-07-01,2001-01-01,2010-01-01,"43,124","63,082","77,254",5.9%,9.1%,49%,55%,63%,16%,13%,10%,1%,1%,1%,34%,31%,26%,2.2%,1.5%,701,906,1039,93.00,100,100,0.7%,0.0%,62,70,74,1.1%,0.7%,0.25,0.30,  9.3 ,  8.4 ,9%,9%,33%,38%,39%,38%,14%,11%,6%,4%,2.80,2.30,1.50,1.00,1.40,1.30,100%,99%,94%,93%,97%,95%,104,218,227,275,205,871,1.40,0.70,170,120,1,-,9%,22%,60%,73%,29%,0%,2%,5%,163,144,3.1%,-1.4%,55,75,34%,53%,94,51,58%,36%,2,6,2%,4%,12,11,7%,8%
4,5.7594,-73.9145,Albania_T1_T2_T3.pdf,Albania_metrics.jpg,Albania.zip,Albania.jpg,Albania_Metrics.jpg,Albania.zip,,,,Albania.jpg,Albania.png,Albania,Santander,América Latina y El Caribe,814,73,11.18,1991-01-01,2000-06-01,2016-11-01,447,493,814,9.6%,3.7%,45%,59%,43%,0%,0%,0%,4%,3%,2%,192%,190%,132%,5.0%,0.3%,18,28,41,104.00,58,69,-6.1%,1.0%,25,17,20,-3.9%,0.8%,0.19,0.28,  6.4 ,  6.2 ,2%,2%,91%,97%,7%,1%,0%,0%,0%,0%,7.50,5.70,1.70,0.00,7.50,5.70,100%,100%,0%,-,100%,100%,23,253,-,300,23,990,1.90,5.70,-,-,2,-,53%,100%,6%,0%,41%,0%,0%,0%,8,1,19.9%,-12.8%,2,0,27%,0%,5,1,64%,100%,1,0,9%,0%,0,0,0%,0%
5,7.886994468,-76.63042936,Apartado_T1_T2_T3.pdf,Apartado_metrics.jpg,Apartado.zip,Apartado.jpg,Apartado_Metrics.jpg,Apartado.zip,,,,Apartado.jpg,Apartado.png,Apartadó,Antioquia,América Latina y El Caribe,"143,496",602,238.54,1991-03-01,2001-02-01,2011-03-01,"53,535","98,334","143,496",5.5%,6.8%,23%,50%,52%,32%,17%,17%,1%,1%,1%,44%,32%,30%,3.4%,0.5%,408,573,602,232.00,253,341,0.8%,3.0%,131,172,239,2.7%,3.3%,0.20,0.23,  6.9 ,  6.2 ,12%,15%,57%,65%,25%,13%,5%,6%,1%,0%,2.20,2.00,1.60,0.70,1.20,1.30,99%,99%,99%,98%,91%,94%,175,356,210,543,285,1049,1.10,0.60,152,77,1,-,4%,5%,69%,95%,28%,0%,0%,0%,158,31,6.9%,-16.0%,47,17,30%,54%,89,11,56%,34%,7,1,4%,3%,15,3,10%,10%
6,8.851275465,-76.42751502,Arboletes_T1_T2_T3.pdf,Arboletes_metrics.jpg,Arboletes.zip,Arboletes.jpg,Arboletes_Metrics.jpg,Arboletes.zip,,,,Arboletes.jpg,Arboletes.png,Arboletes,Antioquia,América Latina y El Caribe,"18,329",175,104.81,1991-03-01,2001-01-01,2015-01-01,"7,148","10,932","18,329",6.6%,4.3%,32%,37%,42%,28%,27%,23%,4%,2%,1%,36%,34%,33%,2.5%,1.0%,119,152,175,94.00,109,157,1.5%,2.6%,60,72,105,1.8%,2.7%,0.18,0.22,  6.5 ,  5.0 ,8%,30%,72%,64%,17%,6%,2%,0%,0%,0%,2.90,2.70,1.10,1.90,0.90,0.80,100%,100%,100%,100%,100%,100%,98,376,119,600,101,1097,0.70,0.50,162,212,1,-,3%,4%,88%,96%,9%,0%,0%,0%,24,15,3.2%,-3.0%,6,5,24%,31%,17,11,72%,69%,0,0,0%,0%,1,0,4%,0%
7,9.850250888,-74.23655246,Ariguani_T1_T2_T3.pdf,Ariguani_metrics.jpg,Ariguani.zip,Ariguani.jpg,Ariguani_Metrics.jpg,Ariguani.zip,,,,Ariguani.jpg,Ariguani.png,Ariguaní,Magdalena,América Latina y El Caribe,"22,577","10,875",2.08,1989-12-01,2001-02-01,2015-01-01,"10,871","15,805","22,577",6.2%,5.0%,12%,37%,40%,36%,23%,22%,6%,2%,2%,46%,37%,36%,4.5%,0.7%,153,252,278,132.00,99,126,-2.5%,1.7%,71,63,81,-1.1%,1.8%,0.16,0.19,  7.3 ,  4.3 ,3%,34%,67%,61%,25%,5%,5%,0%,0%,0%,0.00,2.10,1.90,0.00,0.00,2.10,0%,99%,0%,-,0%,99%,-,196,-,208,-,286,1.20,1.10,-,145,1,-,34%,7%,66%,92%,0%,1%,0%,0%,76,20,8.3%,-9.7%,18,8,24%,40%,46,9,60%,44%,1,1,1%,6%,11,2,14%,10%
8,8.31409419,-75.13794488,Ayapel_T1_T2_T3.pdf,Ayapel_metrics.jpg,Ayapel.zip,Ayapel.jpg,Ayapel_Metrics.jpg,Ayapel.zip,,,,Ayapel.jpg,Ayapel.png,Ayapel,Córdoba,América Latina y El Caribe,"32,448",407,79.80,1987-01-01,2001-07-01,2014-07-01,"11,813","17,702","32,448",4.6%,4.2%,48%,49%,55%,0%,0%,0%,4%,3%,2%,48%,47%,43%,3.0%,4.1%,156,239,407,145.00,141,141,-0.2%,0.0%,76,74,80,-0.2%,0.6%,0.17,0.18,  6.7 ,  5.9 ,5%,5%,75%,91%,17%,3%,3%,0%,0%,0%,1.20,0.90,1.50,0.00,1.20,0.90,100%,97%,0%,-,100%,97%,101,336,-,315,101,3747,1.20,1.20,178,106,1,-,6%,14%,80%,86%,14%,0%,0%,0%,43,104,3.6%,6.8%,10,30,24%,29%,12,53,27%,51%,10,8,23%,8%,11,13,26%,13%
9,6.224796811,-77.40522296,Bahia_Solano_T1_T2_T3.pdf,Bahia_Solano_metrics.jpg,Bahia_Solano.zip,Bahia_Solano.jpg,Bahia_Solano_Metrics.jpg,Bahia_Solano.zip,,,,Bahia_Solano.jpg,Bahia_Solano.png,Bahía Solano,Chocó,América Latina y El Caribe,"5,571",99,56.17,1991-02-01,1998-01-01,2015-03-01,"3,003","3,741","5,571",11.6%,3.9%,54%,65%,65%,0%,0%,0%,9%,3%,2%,37%,32%,33%,9.2%,1.6%,40,75,99,119.00,73,84,-7.1%,0.8%,75,50,56,-6.0%,0.7%,0.09,0.15,  4.5 ,  4.6 ,9%,15%,91%,82%,0%,3%,0%,0%,0%,0%,2.80,1.90,0.70,0.00,2.80,1.90,100%,100%,0%,-,100%,100%,72,248,-,1235,72,480,0.60,0.60,-,-,1,-,36%,14%,64%,86%,0%,0%,0%,0%,26,14,14.8%,-3.4%,2,2,6%,15%,21,12,83%,82%,0,0,0%,3%,3,0,12%,0%
10,1.6733,-78.1385,Barbacoas_T1_T2_T3.pdf,Barbacoas_metrics.jpg,Barbacoas.zip,Barbacoas.jpg,Barbacoas_Metrics.jpg,Barbacoas.zip,,,,Barbacoas.jpg,Barbacoas.png,Barbacoas,Nariño,América Latina y El Caribe,"22,195",144,154.61,1991-06-01,1998-02-01,2015-06-01,"4,206","6,780","22,195",9.3%,1.8%,47%,51%,56%,0%,0%,0%,0%,1%,0%,53%,47%,44%,9.3%,3.2%,40,74,130,225.00,173,304,-3.9%,3.3%,105,91,171,-2.2%,3.6%,0.15,0.03,  7.6 ,  5.9 ,0%,28%,59%,37%,41%,35%,0%,0%,0%,0%,5.90,3.00,1.80,0.00,5.90,3.00,100%,100%,0%,-,100%,100%,34,219,-,327,34,469,1.00,4.30,-,-,1,-,43%,100%,57%,0%,0%,0%,0%,0%,20,33,16.0%,2.9%,2,9,12%,26%,17,20,84%,60%,1,3,4%,8%,0,2,0%,6%
11,5.931986445,-73.61687518,Barbosa_T1_T2_T3.pdf,Barbosa_metrics.jpg,Barbosa.zip,Barbosa.jpg,Barbosa_Metrics.jpg,Barbosa.zip,,,,Barbosa.jpg,Barbosa.png,Barbosa,Santander,América Latina y El Caribe,"22,988",416,55.26,1987-09-01,2002-01-01,2015-01-01,"12,452","17,626","22,988",4.9%,5.9%,20%,39%,41%,32%,17%,17%,3%,2%,2%,45%,41%,41%,3.0%,4.6%,148,228,416,154.00,132,93,-1.1%,-2.6%,84,77,55,-0.6%,-2.6%,0.26,0.24,  8.2 ,  5.5 ,6%,22%,53%,62%,26%,13%,12%,3%,4%,0%,7.10,4.90,0.80,0.40,6.30,4.50,100%,100%,100%,100%,100%,100%,39,371,78,667,47,1083,0.80,2.10,96,-,1,-,1%,36%,31%,55%,68%,9%,0%,0%,53,112,4.6%,5.7%,21,28,40%,25%,16,49,30%,44%,9,18,18%,16%,7,17,13%,15%
12,4.570434871,-72.96477215,Barranca_de_Upia_T1_T2_T3.pdf,Barranca_de_Upia_metrics.jpg,Barranca_de_Upia.zip,Barranca_de_Upia.jpg,Barranca_de_Upia_Metrics.jpg,Barranca_de_Upia.zip,,,,Barranca_de_Upia.jpg,Barranca_de_Upia.png,Barranca de Upía,Meta,América Latina y El Caribe,"4,375",84,51.93,1990-01-01,2000-01-01,2014-02-01,"1,133","2,019","4,375",5.6%,3.3%,29%,37%,37%,0%,0%,0%,5%,1%,4%,66%,62%,59%,6.8%,2.5%,30,59,84,111.00,90,127,-2.1%,2.5%,38,34,52,-1.1%,3.0%,0.20,0.17,  9.7 ,  9.8 ,3%,3%,25%,31%,54%,53%,13%,6%,5%,8%,12.40,9.50,1.60,1.90,10.10,7.60,100%,100%,100%,100%,100%,100%,7,244,64,255,17,3022,0.80,0.80,-,-,1,-,0%,7%,7%,36%,93%,57%,0%,0%,12,11,12.0%,-0.5%,3,4,24%,35%,8,2,68%,18%,0,4,0%,38%,1,1,8%,9%
13,7.060594149,-73.87248971,Barrancabermeja_T1_T2_T3.pdf,Barrancabermeja_metrics.jpg,Barrancabermeja.zip,Barrancabermeja.jpg,Barrancabermeja_Metrics.jpg,Barrancabermeja.zip,,,,Barrancabermeja.jpg,Barrancabermeja.png,Barrancabermeja,Santander,América Latina y El Caribe,"172,167","2,858",60.24,1991-06-01,2001-01-01,2015-01-01,"147,802","164,761","172,167",9.4%,6.8%,49%,55%,59%,18%,14%,10%,1%,1%,1%,32%,30%,30%,1.3%,1.2%,2145,2420,2858,101.00,97,86,-0.4%,-0.9%,69,68,60,-0.1%,-0.9%,0.24,0.22,  9.1 ,  6.8 ,8%,14%,34%,53%,40%,27%,10%,5%,9%,2%,1.90,1.80,1.20,0.60,1.20,1.20,95%,94%,88%,81%,93%,93%,206,264,270,347,266,576,2.70,7.50,91,66,3,77,11%,54%,28%,43%,55%,2%,6%,1%,227,313,1.6%,2.3%,107,129,47%,41%,60,132,26%,42%,31,26,14%,8%,29,27,13%,9%
14,3.889646222,-77.07696586,Buenaventura_T1_T2_T3.pdf,Buenaventura_metrics.jpg,Buenaventura.zip,Buenaventura.jpg,Buenaventura_Metrics.jpg,Buenaventura.zip,,,,Buenaventura.jpg,Buenaventura.png,Buenaventura,Valle del Cauca,América Latina y El Caribe,"361,432","2,225",162.48,1989-11-01,1998-08-01,2015-06-01,"179,647","240,587","361,432",8.5%,4.0%,36%,54%,62%,24%,15%,12%,1%,1%,1%,39%,30%,25%,2.2%,1.2%,1512,1830,2225,196.00,188,216,-0.5%,0.8%,119,131,162,1.2%,1.3%,0.17,0.16,  7.8 ,  5.6 ,12%,19%,51%,65%,26%,14%,4%,2%,7%,0%,2.10,1.70,1.30,0.80,1.20,1.00,98%,97%,87%,80%,87%,83%,153,349,319,511,294,1028,2.10,3.90,156,-,2,-,23%,67%,56%,33%,21%,0%,0%,0%,362,391,4.5%,0.5%,202,170,56%,44%,91,156,25%,40%,42,42,12%,11%,27,23,8%,6%
15,3.90062353,-76.30021388,Bugalagrande_T1_T2_T3.pdf,Bugalagrande_metrics.jpg,Bugalagrande.zip,Bugalagrande.jpg,Bugalagrande_Metrics.jpg,Bugalagrande.zip,,,,Bugalagrande.jpg,Bugalagrande.png,Bugalagrande,Valle del Cauca,América Latina y El Caribe,"10,866",205,53.05,1986-09-01,1998-05-01,2016-07-01,"7,130","9,271","10,866",7.8%,6.5%,2%,9%,22%,51%,38%,28%,5%,4%,4%,42%,48%,46%,3.3%,1.6%,97,134,165,128.00,134,121,0.5%,-0.8%,74,69,66,-0.6%,-0.4%,0.08,0.10,  3.7 ,  5.8 ,61%,28%,39%,59%,0%,2%,0%,6%,0%,6%,3.00,3.20,1.40,0.70,2.80,2.40,100%,100%,75%,73%,100%,100%,111,317,480,625,112,838,1.00,1.70,-,-,1,-,0%,0%,7%,54%,93%,46%,0%,0%,13,20,2.3%,3.3%,0,9,0%,46%,9,5,74%,23%,0,1,2%,6%,3,5,24%,25%
16,6.7219,-75.906,Buritica_T1_T2_T3.pdf,Buritica_metrics.jpg,Buritica.zip,Buritica.jpg,Buritica_Metrics.jpg,Buritica.zip,,,,Buritica.jpg,Buritica.png,Buriticá,Valle del Cauca,América Latina y El Caribe,"4,106",91,45.08,1989-07-01,2000-07-01,2015-12-01,"1,946","1,879","4,106",9.4%,3.0%,29%,30%,28%,0%,0%,0%,0%,0%,1%,71%,70%,71%,2.1%,7.6%,23,28,91,296.00,224,156,-2.5%,-2.4%,87,66,45,-2.4%,-2.5%,0.13,0.37,  3.9 ,  4.5 ,47%,30%,51%,70%,2%,1%,0%,0%,0%,0%,6.60,2.80,1.20,0.00,6.60,2.80,100%,100%,0%,-,100%,100%,12,376,-,586,12,750,0.30,1.00,-,-,0,-,99%,100%,1%,0%,0%,0%,0%,0%,3,17,3.9%,11.9%,0,1,16%,6%,1,9,48%,50%,0,8,0%,45%,1,0,36%,0%
17,4.287995302,-72.79019208,Cabuyaro_T1_T2_T3.pdf,Cabuyaro_metrics.jpg,Cabuyaro.zip,Cabuyaro.jpg,Cabuyaro_Metrics.jpg,Cabuyaro.zip,,,,Cabuyaro.jpg,Cabuyaro.png,Cabuyaro,Meta,América Latina y El Caribe,"2,516",680,3.70,1990-01-01,2000-01-01,2014-02-01,"1,012","1,410","2,516",7.2%,4.0%,36%,43%,47%,0%,0%,0%,0%,0%,1%,80%,80%,86%,3.3%,2.2%,33,46,62,91.00,77,94,-1.7%,1.5%,31,31,41,0.1%,2.0%,0.23,0.44,  10.0 ,  7.7 ,0%,6%,25%,50%,56%,41%,14%,2%,5%,0%,11.20,8.80,0.90,0.00,11.20,8.80,100%,100%,0%,-,100%,100%,14,520,-,690,14,2297,1.10,1.60,242,287,1,219,1%,26%,87%,61%,12%,7%,0%,6%,8,9,6.8%,1.3%,2,2,25%,19%,6,7,75%,73%,0,1,0%,8%,0,0,0%,0%
18,8.792499347,-75.11635464,Caimito_T1_T2_T3.pdf,Caimito_metrics.jpg,Caimito.zip,Caimito.jpg,Caimito_Metrics.jpg,Caimito.zip,,,,Caimito.jpg,Caimito.png,Caimito,Sucre,América Latina y El Caribe,"3,567",126,28.35,1987-01-01,2001-07-01,2014-07-01,"2,483","2,884","3,567",5.9%,6.2%,27%,33%,37%,0%,0%,0%,1%,1%,1%,72%,66%,62%,0.9%,2.3%,82,94,126,107.00,92,75,-1.1%,-1.6%,30,31,28,0.1%,-0.6%,0.17,0.14,  6.3 ,  6.0 ,4%,5%,81%,84%,16%,10%,0%,0%,0%,0%,3.60,2.80,1.60,0.00,3.60,2.80,100%,100%,0%,-,100%,100%,48,573,-,1533,48,4115,1.20,1.20,318,-,1,-,0%,9%,100%,91%,0%,0%,0%,0%,7,16,2.2%,5.8%,5,6,64%,37%,3,8,36%,49%,0,0,0%,2%,0,2,0%,13%
19,10.4597,-74.881,Candelaria_T1_T2_T3.pdf,Candelaria_metrics.jpg,Candelaria.zip,Candelaria.jpg,Candelaria_Metrics.jpg,Candelaria.zip,,,,Candelaria.jpg,Candelaria.png,Candelaria,Atlántico,América Latina y El Caribe,"9,332",126,74.06,1990-01-01,2000-05-01,2013-04-01,"7,050","7,848","9,332",8.7%,6.5%,8%,29%,33%,52%,34%,31%,3%,3%,3%,36%,33%,34%,2.4%,0.6%,90,116,126,122.00,102,112,-1.8%,0.8%,78,68,74,-1.4%,0.7%,0.21,0.27,  8.0 ,  7.3 ,5%,2%,49%,59%,39%,38%,4%,0%,3%,0%,4.00,3.40,1.00,0.00,4.00,3.40,100%,100%,0%,-,100%,100%,55,803,-,849,55,4620,0.60,0.80,271,218,1,-,2%,12%,98%,88%,0%,0%,0%,0%,19,5,3.2%,-9.7%,3,1,15%,18%,15,4,80%,80%,0,0,0%,2%,1,0,5%,0%
20,5.3491,-73.9014,Carmen_De_Carupa_T1_T2_T3.pdf,Carmen_De_Carupa_metrics.jpg,Carmen_De_Carupa.zip,Carmen_De_Carupa.jpg,Carmen_De_Carupa_Metrics.jpg,Carmen_De_Carupa.zip,,,,Carmen_De_Carupa.jpg,Carmen_De_Carupa.png,Carmen de Carupa,Cundinamarca,América Latina y El Caribe,"3,705",227,16.34,1991-03-01,2001-01-01,2016-11-01,"1,573","2,022","3,705",7.9%,3.4%,34%,53%,60%,0%,0%,0%,3%,3%,5%,104%,207%,184%,6.8%,2.1%,33,65,91,171.00,121,110,-3.5%,-0.6%,47,31,41,-4.2%,1.7%,0.17,0.25,  6.2 ,  6.0 ,2%,16%,83%,64%,14%,18%,0%,2%,0%,0%,4.40,3.90,1.30,0.00,4.40,3.90,100%,100%,0%,-,100%,100%,65,307,-,477,65,428,2.20,2.30,-,-,2,-,0%,18%,100%,82%,0%,0%,0%,0%,23,22,25.6%,-0.3%,3,11,11%,49%,11,7,49%,31%,2,1,10%,7%,7,3,30%,14%
21,10.4218824,-75.54031375,Cartagena_T1_T2_T3.pdf,Cartagena_metrics.jpg,Cartagena.zip,Cartagena.jpg,Cartagena_Metrics.jpg,Cartagena.zip,,,,Cartagena.jpg,Cartagena.png,Cartagena,Bolivar,América Latina y El Caribe,"1,112,452","8,640",128.76,1991-07-01,2001-02-01,2015-01-01,"585,605","860,435","1,112,452",7.1%,5.6%,69%,73%,77%,11%,7%,6%,1%,1%,0%,18%,20%,17%,4.2%,1.5%,4677,6998,8640,153.00,153,155,0.0%,0.1%,125,123,129,-0.2%,0.3%,0.20,0.15,  7.6 ,  6.8 ,16%,19%,50%,49%,24%,23%,4%,6%,6%,3%,3.20,2.50,1.30,0.90,2.10,1.60,99%,93%,73%,66%,95%,82%,124,245,424,493,197,711,1.50,5.10,164,72,2,-,1%,46%,49%,46%,48%,0%,2%,7%,"1,810","1,555",4.9%,-1.1%,326,384,18%,25%,806,792,45%,51%,31,206,2%,13%,647,173,36%,11%
22,4.750905931,-75.9164515,Cartago_T1_T2_T3.pdf,Cartago_metrics.jpg,Cartago.zip,Cartago.jpg,Cartago_Metrics.jpg,Cartago.zip,,,,Cartago.jpg,Cartago.png,Cartago,Valle del Cauca,América Latina y El Caribe,"118,550","1,254",94.55,1989-08-01,2002-07-01,2014-07-01,"74,960","107,743","118,550",5.4%,7.6%,68%,66%,69%,0%,0%,0%,2%,1%,1%,31%,33%,30%,3.3%,0.7%,756,1152,1254,143.00,139,135,-0.2%,-0.3%,99,94,95,-0.5%,0.1%,0.18,0.18,  7.5 ,  6.9 ,11%,16%,59%,55%,19%,20%,4%,3%,7%,6%,1.80,1.70,1.10,0.50,1.10,1.10,93%,92%,75%,76%,83%,81%,234,242,432,461,365,462,1.70,2.80,-,-,2,135,14%,19%,7%,9%,73%,58%,7%,14%,247,108,3.6%,-6.9%,66,45,27%,41%,41,53,17%,49%,19,1,8%,1%,121,9,49%,8%
23,9.2571,-73.8129,Chimichagua_T1_T2_T3.pdf,Chimichagua_metrics.jpg,Chimichagua.zip,Chimichagua.jpg,Chimichagua_Metrics.jpg,Chimichagua.zip,,,,Chimichagua.jpg,Chimichagua.png,Chimichagua,Cesar,América Latina y El Caribe,"13,657",251,54.43,1989-12-01,2000-08-01,2015-06-01,"9,935","12,201","13,657",7.6%,6.0%,13%,38%,44%,35%,21%,17%,3%,1%,2%,48%,40%,37%,2.8%,1.0%,160,215,251,120.00,94,86,-2.2%,-0.6%,62,57,54,-0.8%,-0.3%,0.15,0.30,  5.2 ,  3.7 ,21%,59%,73%,40%,6%,1%,0%,0%,0%,0%,2.90,2.80,0.20,0.00,2.90,2.70,100%,100%,0%,100%,100%,100%,95,1000,-,1333,95,2629,0.80,2.10,96,-,1,-,2%,5%,98%,95%,0%,0%,0%,0%,46,28,5.2%,-3.2%,25,11,54%,38%,17,17,38%,60%,1,1,2%,2%,3,0,7%,0%
24,7.609617997,-72.59883758,Chinacota_T1_T2_T3.pdf,Chinacota_metrics.jpg,Chinacota.zip,Chinacota.jpg,Chinacota_Metrics.jpg,Chinacota.zip,,,,Chinacota.jpg,Chinacota.png,Chinácota,Norte de Santander,América Latina y El Caribe,"9,966",176,56.70,1991-05-01,2001-01-01,2015-01-01,"5,673","6,766","9,966",8.7%,4.8%,0%,0%,6%,45%,48%,40%,8%,4%,3%,48%,48%,51%,5.8%,4.6%,53,92,176,207.00,140,116,-4.0%,-1.4%,108,73,57,-4.0%,-1.8%,0.23,0.24,  10.6 ,  8.7 ,2%,7%,4%,17%,86%,71%,8%,4%,0%,0%,5.60,4.00,1.90,0.00,5.60,4.00,100%,100%,0%,-,100%,100%,38,207,-,601,38,695,1.00,0.80,-,-,1,-,0%,10%,11%,37%,88%,53%,0%,0%,20,37,7.7%,4.2%,2,3,10%,9%,13,18,62%,49%,2,3,8%,9%,4,12,20%,33%
25,4.983496863,-75.60607142,Chinchina_T1_T2_T3.pdf,Chinchina_metrics.jpg,Chinchina.zip,Chinchina.jpg,Chinchina_Metrics.jpg,Chinchina.zip,,,,Chinchina.jpg,Chinchina.png,Chinchiná,Caldas,América Latina y El Caribe,"42,456",293,144.88,1989-08-01,2002-07-01,2014-07-01,"41,107","42,483","42,456",7.5%,8.3%,60%,62%,62%,0%,0%,0%,2%,1%,1%,38%,36%,37%,1.4%,0.4%,234,279,293,284.00,240,230,-1.3%,-0.3%,176,152,145,-1.1%,-0.4%,0.18,0.12,  6.8 ,  6.5 ,13%,14%,58%,63%,23%,12%,5%,7%,1%,4%,2.50,2.60,2.20,0.00,2.50,2.60,100%,99%,0%,-,100%,99%,114,229,-,259,114,1290,0.80,6.00,50,-,1,-,11%,60%,5%,13%,83%,26%,1%,0%,32,7,1.7%,-12.6%,13,4,41%,51%,14,2,43%,26%,2,1,6%,9%,3,1,9%,14%
26,4.620181539,-75.63419783,Circasia_T1_T2_T3.pdf,Circasia_metrics.jpg,Circasia.zip,Circasia.jpg,Circasia_Metrics.jpg,Circasia.zip,,,,Circasia.jpg,Circasia.png,Circasia,Quindío,América Latina y El Caribe,"25,047",0.00,0.00,1989-08-01,2000-08-01,2014-08-01,"10,064","19,294","25,047",4.7%,5.5%,0%,26%,31%,44%,26%,22%,5%,2%,2%,51%,46%,46%,6.8%,1.7%,88,187,237,233.00,191,195,-1.8%,0.2%,114,103,106,-0.9%,0.2%,0.14,0.29,  5.4 ,  6.7 ,13%,10%,83%,68%,4%,15%,0%,0%,0%,7%,3.10,2.20,1.70,0.00,3.10,2.10,100%,100%,31%,44%,100%,100%,111,176,725,355,65,566,3.00,7.00,-,-,3,-,5%,32%,37%,2%,58%,47%,0%,19%,58,27,12.2%,-5.5%,13,7,22%,28%,25,16,44%,60%,4,0,7%,1%,16,3,28%,11%
27,6.345788695,-75.50876227,Copacabana_T1_T2_T3.pdf,Copacabana_metrics.jpg,Copacabana.zip,Copacabana.jpg,Copacabana_Metrics.jpg,Copacabana.zip,,,,Copacabana.jpg,Copacabana.png,Copacabana,Quindío,América Latina y El Caribe,"43,905",567,77.43,1991-08-01,2000-08-01,2015-01-01,"18,431","32,213","43,905",6.4%,5.1%,20%,25%,27%,29%,25%,22%,3%,3%,2%,48%,48%,49%,5.8%,2.1%,248,416,567,143.00,148,152,0.4%,0.2%,74,77,77,0.4%,0.0%,0.22,0.16,  7.3 ,  5.8 ,16%,25%,62%,60%,14%,9%,1%,3%,7%,3%,2.60,1.30,0.90,0.60,2.00,0.70,100%,89%,54%,62%,99%,87%,118,267,550,1158,170,467,1.20,9.00,-,-,1,460,18%,55%,6%,15%,76%,30%,0%,0%,89,72,7.7%,-1.5%,22,22,24%,31%,16,15,19%,22%,14,9,15%,13%,37,25,42%,35%
28,3.174270619,-76.26001163,Corinto_T1_T2_T3.pdf,Corinto_metrics.jpg,Corinto.zip,Corinto.jpg,Corinto_Metrics.jpg,Corinto.zip,,,,Corinto.jpg,Corinto.png,Corinto,Cauca,América Latina y El Caribe,"13,379",171,78.12,1989-08-01,1999-07-01,2015-12-01,"11,527","12,046","13,379",9.7%,5.5%,8%,22%,33%,45%,36%,27%,3%,3%,3%,44%,39%,37%,1.6%,2.0%,105,123,171,198.00,162,123,-2.0%,-1.7%,110,98,78,-1.1%,-1.4%,0.20,0.18,  8.3 ,  4.8 ,2%,40%,40%,30%,57%,29%,1%,1%,0%,0%,3.10,1.80,1.10,0.00,3.10,1.80,100%,100%,0%,-,100%,100%,103,194,-,505,103,354,1.00,2.00,-,-,1,-,0%,30%,3%,42%,97%,24%,0%,4%,16,33,2.8%,4.4%,9,5,54%,14%,4,28,25%,83%,0,0,2%,0%,3,1,19%,3%
29,9.315567034,-75.29263812,Corozal_T1_T2_T3.pdf,Corozal_metrics.jpg,Corozal.zip,Corozal.jpg,Corozal_Metrics.jpg,Corozal.zip,,,,Corozal.jpg,Corozal.png,Corozal,Sucre,América Latina y El Caribe,"56,762",520,109.10,1987-01-01,2001-07-01,2014-07-01,"28,922","42,776","56,762",4.7%,5.8%,17%,46%,58%,29%,16%,12%,3%,1%,1%,51%,37%,29%,2.7%,1.4%,296,436,520,199.00,155,153,-1.7%,-0.1%,98,98,109,0.0%,0.8%,0.23,0.23,  7.0 ,  4.7 ,11%,44%,55%,48%,29%,5%,3%,0%,2%,3%,2.90,2.30,1.40,0.80,2.30,1.40,100%,95%,95%,88%,99%,88%,108,579,266,713,146,1679,1.10,2.20,121,144,1,-,0%,50%,69%,36%,31%,0%,0%,13%,130,96,6.2%,-2.4%,67,50,51%,53%,35,37,27%,38%,16,1,12%,2%,13,7,10%,7%
30,7.884976051,-72.49200223,Cumaribo_T1_T2_T3.pdf,Cumaribo_metrics.jpg,Cumaribo.zip,Cumaribo.jpg,Cumaribo_Metrics.jpg,Cumaribo.zip,,,,Cumaribo.jpg,Cumaribo.png,Cumaribo,Vichada,América Latina y El Caribe,"31,110",133,234.67,1988-01-13,2002-01-11,2014-01-28,942,"15,194","31,110",0.5%,3.4%,25%,45%,55%,0%,0%,0%,0%,0%,0%,75%,55%,45%,8.5%,1.3%,30,90,108,126.00,373,528,8.3%,2.4%,32,169,289,12.8%,3.7%,0.25,0.21,  8.7 ,  5.5 ,13%,37%,28%,33%,32%,22%,20%,7%,8%,0%,4.70,2.60,1.00,0.80,2.90,1.80,100%,100%,100%,100%,100%,100%,43,241,-,452,90,602,1.10,1.20,-,-,1,-,13%,50%,87%,50%,0%,0%,0%,0%,37,20,38.3%,-4.2%,2,10,5%,48%,31,8,84%,42%,0,0,1%,0%,4,2,11%,10%
31,5.828052994,-73.03448648,Duitama_T1_T2_T3.pdf,Duitama_metrics.jpg,Duitama.zip,Duitama.jpg,Duitama_Metrics.jpg,Duitama.zip,,,,Duitama.jpg,Duitama.png,Duitama,Boyacá,América Latina y El Caribe,"87,337","1,641",53.21,1989-12-01,2002-01-01,2014-12-01,"51,234","81,467","87,337",5.2%,7.2%,36%,46%,50%,18%,14%,13%,2%,1%,1%,44%,39%,36%,3.5%,0.2%,1047,1596,1641,87.00,83,83,-0.4%,0.0%,49,51,53,0.3%,0.3%,0.24,0.22,  8.3 ,  7.0 ,11%,15%,47%,62%,28%,18%,5%,0%,9%,5%,2.10,1.80,1.40,1.10,0.60,0.70,100%,96%,99%,95%,69%,64%,135,406,178,579,498,2477,2.90,6.40,213,-,3,87,22%,82%,18%,2%,53%,13%,7%,3%,390,67,5.5%,-13.6%,155,48,40%,72%,124,14,32%,22%,50,1,13%,1%,62,4,16%,6%
32,2.4783,-78.1102,El_Charco_T1_T2_T3.pdf,El_Charco_metrics.jpg,El_Charco.zip,El_Charco.jpg,El_Charco_Metrics.jpg,El_Charco.zip,,,,El_Charco.jpg,El_Charco.png,El Charco,Nariño,América Latina y El Caribe,"16,081",117,137.13,1991-06-01,1998-02-01,2015-06-01,"3,839","5,147","16,081",11.2%,1.8%,34%,42%,54%,0%,0%,0%,2%,0%,1%,64%,58%,45%,6.2%,5.0%,33,49,117,326.00,250,250,-4.0%,0.0%,118,104,137,-1.8%,1.6%,0.11,0.02,  4.3 ,  4.0 ,25%,49%,75%,51%,0%,0%,0%,0%,0%,0%,9.40,3.00,1.20,0.00,9.40,3.00,100%,100%,0%,-,100%,100%,17,255,-,422,17,427,0.80,0.80,-,-,1,-,36%,100%,64%,0%,0%,0%,0%,0%,16,43,20.1%,5.8%,2,5,13%,13%,7,33,43%,76%,0,3,0%,6%,7,2,44%,5%
33,1.614687656,-75.61393993,Florencia_T1_T2_T3.pdf,Florencia_metrics.jpg,Florencia.zip,Florencia.jpg,Florencia_Metrics.jpg,Florencia.zip,,,,Florencia.jpg,Florencia.png,Florencia,Caquetá,América Latina y El Caribe,"135,124","1,256",107.62,1989-12-01,2000-02-01,2013-09-01,"75,197","101,235","135,124",7.3%,5.5%,46%,51%,60%,18%,17%,12%,2%,2%,1%,35%,31%,27%,2.8%,2.2%,702,928,1256,164.00,157,148,-0.4%,-0.5%,107,109,108,0.2%,-0.1%,0.20,0.21,  7.5 ,  6.0 ,10%,8%,55%,80%,24%,11%,6%,0%,4%,0%,1.80,1.50,0.90,0.00,1.80,1.50,97%,94%,0%,-,97%,94%,198,295,-,704,198,541,1.10,1.00,-,112,1,-,7%,17%,36%,78%,57%,1%,0%,5%,184,270,3.9%,2.8%,52,71,28%,26%,79,129,43%,48%,32,47,17%,17%,21,23,11%,9%
34,2.0643,-78.6115,Francisco_Pizarro_T1_T2_T3.pdf,Francisco_Pizarro_metrics.jpg,Francisco_Pizarro.zip,Francisco_Pizarro.jpg,Francisco_Pizarro_Metrics.jpg,Francisco_Pizarro.zip,,,,Francisco_Pizarro.jpg,Francisco_Pizarro.png,Francisco Pizarro,Nariño,América Latina y El Caribe,"20,910",124,169.34,1991-06-01,1998-02-01,2015-06-01,"4,721","10,874","20,910",6.5%,3.0%,41%,43%,51%,0%,0%,0%,0%,1%,2%,59%,56%,47%,5.3%,0.5%,61,87,96,188.00,284,409,6.2%,2.1%,77,125,219,7.2%,3.3%,0.18,0.21,  5.9 ,  5.9 ,4%,4%,87%,90%,9%,7%,0%,0%,0%,0%,5.50,3.20,2.10,0.00,5.50,3.20,100%,100%,0%,-,100%,100%,36,317,-,483,36,1436,0.40,0.40,-,-,0,-,0%,0%,67%,31%,33%,69%,0%,0%,13,12,7.8%,-0.3%,5,6,42%,47%,5,4,36%,31%,2,2,15%,13%,1,1,8%,8%
35,5.0825,-73.365,Garagoa_T1_T2_T3.pdf,Garagoa_metrics.jpg,Garagoa.zip,Garagoa.jpg,Garagoa_Metrics.jpg,Garagoa.zip,,,,Garagoa.jpg,Garagoa.png,Garagoa,Boyacá,América Latina y El Caribe,"15,122",221,68.33,1989-12-01,2000-12-01,2016-02-01,"8,465","11,492","15,122",6.7%,5.0%,26%,34%,39%,30%,20%,19%,1%,2%,2%,44%,44%,41%,3.3%,1.0%,131,189,221,115.00,109,115,-0.4%,0.3%,65,61,68,-0.6%,0.8%,0.18,0.26,  5.8 ,  4.8 ,17%,37%,73%,55%,7%,8%,1%,0%,2%,0%,3.10,2.60,2.20,0.00,3.10,2.60,100%,100%,0%,-,100%,100%,82,313,-,344,82,2968,0.80,1.30,-,-,1,-,0%,8%,46%,76%,54%,16%,0%,0%,31,26,3.9%,-1.2%,9,12,29%,45%,17,11,56%,44%,2,0,6%,0%,3,3,10%,12%
36,7.067661157,-73.16896175,Giron_T1_T2_T3.pdf,Giron_metrics.jpg,Giron.zip,Giron.jpg,Giron_Metrics.jpg,Giron.zip,,,,Giron.jpg,Giron.png,Girón,Santander,América Latina y El Caribe,"183,537","2,083",88.09,1991-06-01,2001-01-01,2015-01-01,"61,865","98,429","183,537",6.6%,3.8%,32%,43%,53%,28%,22%,15%,2%,1%,1%,38%,34%,30%,3.8%,1.6%,556,799,1003,179.00,187,263,0.5%,2.4%,111,123,183,1.1%,2.8%,0.22,0.28,  7.3 ,  6.2 ,26%,40%,46%,36%,10%,13%,5%,3%,13%,8%,3.30,2.50,2.40,1.00,2.10,1.50,100%,97%,96%,92%,87%,75%,95,3004,216,3081,297,6147,3.10,4.30,59,61,3,-,8%,22%,29%,27%,56%,15%,7%,36%,179,173,5.4%,-0.2%,18,35,10%,20%,139,115,78%,66%,4,5,2%,3%,18,18,10%,10%
37,3.5448,-73.7053,Granada_T1_T2_T3.pdf,Granada_metrics.jpg,Granada.zip,Granada.jpg,Granada_Metrics.jpg,Granada.zip,,,,Granada.jpg,Granada.png,Granada,Meta,América Latina y El Caribe,"52,536",89,587.85,1989-12-01,2001-03-01,2014-01-01,"23,087","34,603","52,536",5.9%,5.1%,35%,43%,50%,20%,16%,15%,2%,2%,2%,44%,39%,34%,2.5%,3.3%,353,467,712,116.00,121,112,0.4%,-0.6%,65,74,74,1.1%,0.0%,0.26,0.25,  12.4 ,  6.6 ,3%,15%,16%,59%,23%,20%,36%,4%,22%,1%,2.40,1.90,3.00,0.50,1.80,1.40,100%,98%,90%,81%,100%,92%,128,331,364,339,140,857,1.40,1.90,-,99,1,-,2%,2%,96%,89%,0%,5%,2%,5%,86,184,3.8%,5.9%,34,49,40%,27%,38,112,44%,61%,4,11,5%,6%,10,12,12%,7%
38,2.570045559,-77.88325466,Guapi_T1_T2_T3.pdf,Guapi_metrics.jpg,Guapi.zip,Guapi.jpg,Guapi_Metrics.jpg,Guapi.zip,,,,Guapi.jpg,Guapi.png,Guapi,Cauca,América Latina y El Caribe,"24,128",190,127.06,1991-06-01,1998-02-01,2015-06-01,"8,207","12,275","24,128",10.0%,2.9%,0%,5%,35%,54%,48%,27%,7%,3%,3%,40%,45%,35%,12.2%,3.3%,48,108,190,285.00,205,195,-4.9%,-0.3%,172,114,127,-6.1%,0.6%,0.19,0.06,  6.6 ,  5.4 ,5%,21%,75%,66%,19%,14%,0%,0%,0%,0%,3.80,1.70,1.10,0.00,3.80,1.70,100%,100%,0%,-,100%,100%,67,258,-,618,67,2638,0.50,0.90,-,267,1,261,9%,17%,76%,81%,15%,2%,0%,0%,30,63,15.6%,4.3%,4,18,12%,28%,13,21,43%,34%,8,13,26%,20%,6,11,20%,17%
39,8.470538047,-74.53573145,Guaranda_T1_T2_T3.pdf,Guaranda_metrics.jpg,Guaranda.zip,Guaranda.jpg,Guaranda_Metrics.jpg,Guaranda.zip,,,,Guaranda.jpg,Guaranda.png,Guaranda,Sucre,América Latina y El Caribe,"7,757",65,119.21,1987-01-01,2001-07-01,2014-07-01,"1,892","5,631","7,757",2.3%,5.6%,0%,10%,24%,43%,50%,37%,27%,3%,3%,30%,37%,35%,6.6%,1.7%,20,52,65,135.00,172,184,1.7%,0.5%,94,108,119,0.9%,0.8%,0.12,0.31,  3.7 ,  3.5 ,58%,82%,42%,18%,0%,0%,0%,0%,0%,0%,8.60,5.40,2.20,0.00,8.60,5.40,100%,100%,0%,-,100%,100%,32,404,-,1250,32,875,0.60,0.60,-,-,1,-,27%,81%,73%,19%,0%,0%,0%,0%,27,27,13.1%,0.2%,2,3,8%,10%,10,5,38%,18%,2,1,9%,3%,12,19,45%,69%
40,0.9689,-77.5212,Iles_T1_T2_T3.pdf,Iles_metrics.jpg,Iles.zip,Iles.jpg,Iles_Metrics.jpg,Iles.zip,,,,Iles.jpg,Iles.png,Iles,Nariño,América Latina y El Caribe,"6,172",63,97.97,1987-01-01,1998-02-01,2013-11-01,"2,942","4,682","6,172",5.7%,4.8%,25%,31%,29%,0%,0%,0%,0%,0%,1%,75%,69%,70%,3.5%,0.6%,39,57,63,308.00,261,327,-1.5%,1.4%,76,82,98,0.6%,1.2%,0.21,0.37,  6.7 ,  6.8 ,3%,1%,78%,79%,17%,21%,1%,0%,1%,0%,5.00,4.30,1.40,0.00,5.00,4.30,100%,100%,0%,-,100%,100%,43,435,-,603,43,1101,1.00,0.80,-,-,1,-,8%,55%,36%,25%,56%,21%,0%,0%,11,2,10.8%,-11.1%,3,0,25%,9%,5,1,44%,41%,1,0,5%,0%,3,1,26%,50%
41,3.865342936,-67.92671342,Inirida_T1_T2_T3.pdf,Inirida_metrics.jpg,Inirida.zip,Inirida.jpg,Inirida_Metrics.jpg,Inirida.zip,,,,Inirida.jpg,Inirida.png,Inírida,Guainía,América Latina y El Caribe,"11,630",395,29.42,1989-12-01,2001-02-01,2015-08-01,"5,399","8,306","11,630",5.8%,4.9%,47%,53%,52%,0%,0%,0%,4%,2%,3%,49%,45%,44%,4.2%,1.7%,192,308,395,55.00,49,53,-0.9%,0.5%,28,27,29,-0.3%,0.6%,0.17,0.14,  8.4 ,  5.0 ,8%,19%,49%,75%,30%,5%,8%,0%,6%,0%,5.50,3.80,1.30,1.70,2.70,2.10,100%,100%,100%,97%,100%,100%,60,258,107,1185,129,428,1.50,3.50,241,325,2,-,0%,26%,69%,70%,31%,2%,0%,3%,68,51,6.2%,-2.0%,12,15,17%,29%,41,17,60%,33%,5,5,8%,10%,10,15,15%,29%
42,0.825767735,-77.63960461,Ipiales_T1_T2_T3.pdf,Ipiales_metrics.jpg,Ipiales.zip,Ipiales.jpg,Ipiales_Metrics.jpg,Ipiales.zip,,,,Ipiales.jpg,Ipiales.png,Ipiales,Nariño,América Latina y El Caribe,"97,235",978,99.43,1989-11-01,2000-11-01,2015-09-01,"41,790","62,275","97,235",6.1%,4.3%,29%,36%,38%,24%,20%,22%,3%,2%,1%,44%,41%,39%,7.8%,1.0%,358,843,978,208.00,126,162,-4.6%,1.7%,117,74,99,-4.2%,2.0%,0.21,0.24,  8.2 ,  7.2 ,11%,8%,39%,56%,35%,32%,9%,4%,6%,0%,4.30,3.00,2.00,0.60,3.20,2.40,100%,100%,100%,95%,100%,100%,77,378,169,575,138,855,2.00,3.80,-,93,2,133,0%,59%,4%,9%,95%,11%,1%,22%,294,106,13.3%,-6.9%,50,49,17%,46%,108,29,37%,27%,78,8,27%,7%,58,20,20%,19%
43,2.1984,-75.9788,La_Argentina_T1_T2_T3.pdf,La_Argentina_metrics.jpg,La_Argentina.zip,La_Argentina.jpg,La_Argentina_Metrics.jpg,La_Argentina.zip,,,,La_Argentina.jpg,La_Argentina.png,La Argentina,Huila,América Latina y El Caribe,"5,494",855,6.43,1989-08-01,1999-07-01,2014-09-01,"1,929","2,973","5,494",6.5%,3.6%,42%,39%,42%,0%,0%,0%,0%,0%,0%,58%,61%,58%,5.3%,2.7%,44,75,112,103.00,103,117,0.0%,0.8%,44,40,49,-0.9%,1.4%,0.22,0.10,  7.7 ,  7.2 ,2%,7%,57%,54%,37%,37%,5%,3%,0%,0%,7.50,5.00,1.00,0.00,7.50,5.00,100%,100%,0%,-,100%,100%,23,238,-,704,23,423,0.60,0.40,-,-,1,-,8%,51%,92%,49%,0%,0%,0%,0%,10,17,5.3%,3.6%,3,6,26%,33%,7,11,69%,67%,1,0,6%,0%,0,0,0%,0%
44,8.617249161,-73.80306831,La_Gloria_T1_T2_T3.pdf,La_Gloria_metrics.jpg,La_Gloria.zip,La_Gloria.jpg,La_Gloria_Metrics.jpg,La_Gloria.zip,,,,La_Gloria.jpg,La_Gloria.png,La Gloria,Cesar,América Latina y El Caribe,"6,546",92,71.31,1991-03-01,2001-01-01,2015-09-01,"3,963","5,430","6,546",7.4%,5.7%,47%,59%,63%,0%,0%,0%,0%,0%,0%,53%,41%,36%,5.3%,1.1%,47,79,92,179.00,116,112,-4.4%,-0.3%,85,69,71,-2.1%,0.2%,0.15,0.22,  5.2 ,  5.8 ,20%,32%,77%,43%,3%,25%,0%,0%,0%,0%,5.50,5.30,1.40,0.00,5.50,5.30,100%,100%,0%,-,100%,100%,37,235,-,371,37,621,0.80,4.50,-,153,1,-,0%,7%,0%,93%,100%,0%,0%,0%,425,33,195.3%,-17.3%,6,7,2%,22%,18,4,4%,12%,0,0,0%,1%,401,22,94%,66%
45,5.4889,-70.4091,La_Primavera_T1_T2_T3.pdf,La_Primavera_metrics.jpg,La_Primavera.zip,La_Primavera.jpg,La_Primavera_Metrics.jpg,La_Primavera.zip,,,,La_Primavera.jpg,La_Primavera.png,La Primavera,Vichada,América Latina y El Caribe,"18,605",312,59.70,1988-01-13,2001-01-08,2014-01-28,"1,349","5,702","18,605",1.8%,2.3%,0%,2%,17%,37%,40%,30%,15%,4%,4%,48%,54%,50%,10.4%,4.7%,43,168,312,60.00,73,119,1.5%,3.7%,31,34,60,0.7%,4.3%,0.22,0.23,  10.8 ,  20.4 ,11%,31%,4%,4%,39%,23%,45%,27%,2%,15%,5.50,3.00,1.50,0.70,3.90,2.40,100%,100%,100%,82%,100%,100%,48,297,106,376,52,1057,2.00,3.00,204,-,2,-,0%,12%,100%,88%,0%,0%,0%,0%,55,78,18.9%,2.7%,3,21,5%,26%,33,15,61%,19%,8,15,14%,19%,11,28,20%,36%
46,4.453298371,-75.78901782,La_Tebaida_T1_T2_T3.pdf,La_Tebaida_metrics.jpg,La_Tebaida.zip,La_Tebaida.jpg,La_Tebaida_Metrics.jpg,La_Tebaida.zip,,,,La_Tebaida.jpg,La_Tebaida.png,La Tebaida,Quindío,América Latina y El Caribe,"38,667",232,166.85,1989-08-01,1998-05-01,2014-03-01,"16,915","24,970","38,667",7.7%,4.1%,0%,21%,28%,53%,31%,24%,3%,4%,3%,45%,44%,45%,5.4%,2.9%,92,147,232,331.00,303,303,-1.0%,0.0%,184,170,167,-0.9%,-0.1%,0.21,0.24,  6.6 ,  6.4 ,10%,23%,63%,52%,27%,15%,1%,8%,0%,3%,5.10,4.10,2.00,0.00,5.10,4.10,100%,100%,0%,-,100%,100%,51,262,-,388,51,784,0.80,0.80,-,67,1,68,2%,8%,22%,37%,76%,55%,0%,0%,31,45,6.8%,2.4%,4,6,14%,13%,16,32,54%,72%,5,4,15%,9%,5,3,16%,7%
47,2.3996,-78.1897,La_Tola_T1_T2_T3.pdf,La_Tola_metrics.jpg,La_Tola.zip,La_Tola.jpg,La_Tola_Metrics.jpg,La_Tola.zip,,,,La_Tola.jpg,La_Tola.png,La Tola,Nariño,América Latina y El Caribe,"12,289",56,219.52,1991-06-01,1998-02-01,2015-06-01,784,"5,694","12,289",2.1%,2.7%,0%,45%,53%,0%,0%,0%,1%,0%,0%,8%,52%,44%,4.5%,1.7%,32,43,58,86.00,296,399,18.5%,1.7%,25,132,213,25.2%,2.8%,0.21,0.22,  10.3 ,  9.3 ,3%,2%,10%,18%,56%,73%,31%,7%,0%,0%,8.60,5.10,1.40,0.00,8.60,5.10,100%,100%,0%,-,100%,100%,12,261,-,569,12,590,0.80,0.70,-,-,1,-,6%,66%,94%,34%,0%,0%,0%,0%,19,13,30.5%,-2.3%,0,3,0%,27%,11,8,57%,61%,1,1,5%,4%,7,1,38%,8%
48,-4.218865811,-69.93322888,Leticia_T1_T2_T3.pdf,Leticia_metrics.jpg,Leticia.zip,Leticia.jpg,Leticia_Metrics.jpg,Leticia.zip,,,,Leticia.jpg,Leticia.png,Leticia,Amazonas,América Latina y El Caribe,"24,552",598,41.04,1991-09-01,2000-10-01,2015-07-01,"18,944","19,868","24,552",10.5%,5.5%,42%,43%,41%,18%,18%,21%,2%,2%,1%,39%,37%,37%,3.9%,2.4%,293,417,598,105.00,75,65,-3.7%,-1.0%,65,48,41,-3.4%,-1.0%,0.13,0.13,  7.0 ,  4.0 ,17%,46%,45%,49%,27%,5%,9%,0%,3%,0%,3.70,2.70,0.70,0.00,2.70,2.00,100%,100%,0%,-,100%,96%,74,494,-,369,97,695,2.80,3.70,161,-,3,-,29%,41%,48%,59%,23%,0%,0%,0%,83,113,5.1%,2.1%,29,28,35%,25%,28,34,34%,30%,13,21,15%,18%,13,31,16%,27%
49,9.226403638,-75.81920017,Lorica_T1_T2_T3.pdf,Lorica_metrics.jpg,Lorica.zip,Lorica.jpg,Lorica_Metrics.jpg,Lorica.zip,,,,Lorica.jpg,Lorica.png,Lorica,Córdoba,América Latina y El Caribe,"52,558",646,81.32,1991-03-01,2001-01-01,2013-12-01,"23,875","37,961","52,558",6.4%,5.6%,25%,43%,45%,28%,21%,20%,3%,2%,2%,45%,33%,33%,6.1%,1.9%,276,503,646,156.00,113,122,-3.3%,0.6%,87,76,81,-1.4%,0.6%,0.19,0.21,  6.4 ,  6.2 ,14%,10%,65%,73%,14%,13%,7%,1%,1%,2%,1.40,1.10,1.00,0.00,1.40,1.10,91%,84%,0%,-,91%,84%,253,264,-,220,253,875,0.80,0.80,227,104,1,-,0%,18%,69%,78%,30%,2%,0%,2%,182,96,12.1%,-4.9%,43,28,24%,29%,104,51,57%,54%,11,5,6%,5%,24,12,13%,13%
50,7.842171689,-72.50154993,Los_Patios_T1_T2_T3.pdf,Los_Patios_metrics.jpg,Los_Patios.zip,Los_Patios.jpg,Los_Patios_Metrics.jpg,Los_Patios.zip,,,,Los_Patios.jpg,Los_Patios.png,Los Patios,Norte de Santander,América Latina y El Caribe,"88,249","1,142",77.28,1991-05-01,2001-01-01,2015-01-01,"37,293","61,271","88,249",6.3%,5.0%,22%,50%,54%,30%,15%,13%,2%,1%,1%,46%,33%,32%,4.7%,2.4%,522,818,1142,133.00,112,114,-1.8%,0.2%,71,75,77,0.5%,0.2%,0.24,0.23,  8.3 ,  5.8 ,9%,15%,46%,75%,33%,7%,6%,1%,5%,2%,2.50,2.20,1.00,1.40,1.30,0.80,99%,96%,96%,94%,100%,99%,124,344,256,642,145,535,1.80,1.80,190,165,2,205,16%,16%,53%,41%,32%,15%,0%,28%,267,224,9.9%,-1.2%,91,70,34%,31%,143,71,54%,32%,8,7,3%,3%,24,75,9%,34%
51,9.230106379,-74.74383957,Magangue_T1_T2_T3.pdf,Magangue_metrics.jpg,Magangue.zip,Magangue.jpg,Magangue_Metrics.jpg,Magangue.zip,,,,Magangue.jpg,Magangue.png,Magangué,Bolivar,América Latina y El Caribe,"76,538",855,89.54,1987-01-01,2001-07-01,2014-07-01,"44,123","67,441","76,538",4.5%,6.8%,15%,43%,54%,39%,20%,15%,2%,1%,1%,44%,35%,29%,2.7%,0.6%,536,790,855,148.00,132,127,-0.8%,-0.3%,82,85,90,0.3%,0.4%,0.21,0.24,  7.7 ,  6.7 ,7%,7%,53%,67%,31%,26%,7%,1%,3%,0%,2.00,1.50,1.10,0.00,2.00,1.50,99%,93%,100%,100%,99%,93%,154,185,13,563,155,352,1.20,0.90,183,174,1,-,0%,6%,96%,94%,4%,0%,0%,0%,213,92,4.9%,-6.4%,66,62,31%,67%,126,20,59%,22%,4,2,2%,2%,17,9,8%,10%
52,1.7653,-78.1818,Magui_T1_T2_T3.pdf,Magui_metrics.jpg,Magui.zip,Magui.jpg,Magui_Metrics.jpg,Magui.zip,,,,Magui.jpg,Magui.png,Magüí Payán,Nariño,América Latina y El Caribe,"13,457",71,190.48,1991-06-01,1998-02-01,2015-06-01,"2,141","3,899","13,457",8.2%,1.7%,35%,39%,47%,0%,0%,0%,0%,0%,0%,65%,61%,53%,5.5%,3.5%,27,39,71,229.00,255,409,1.6%,2.7%,80,101,190,3.5%,3.7%,0.20,0.00,  7.7 ,  -   ,1%,0.00,54%,0.00,44%,0.00,1%,0.00,0%,0.00,5.20,1.80,1.60,0.00,5.20,1.80,100%,100%,0%,-,100%,100%,22,233,-,244,22,1907,0.40,0.00,-,-,0,-,0%,0%,34%,0%,66%,0%,0%,0%,7,18,11.1%,5.4%,1,4,12%,20%,5,14,74%,80%,0,0,0%,1%,1,0,14%,0%
53,11.37791141,-72.23878265,Maicao_T1_T2_T3.pdf,Maicao_metrics.jpg,Maicao.zip,Maicao.jpg,Maicao_Metrics.jpg,Maicao.zip,,,,Maicao.jpg,Maicao.png,Maicao,Guainía,América Latina y El Caribe,"103,542","3,231",32.04,1991-03-01,2001-03-01,2015-03-01,"76,333","75,178","103,542",10.2%,5.2%,62%,51%,56%,0%,0%,0%,0%,0%,0%,38%,49%,44%,11.6%,0.7%,920,2948,3231,134.00,50,58,-9.9%,1.1%,83,25,32,-11.8%,1.6%,0.27,0.29,  10.2 ,  5.2 ,6%,37%,19%,44%,46%,12%,21%,7%,8%,0%,2.70,2.00,1.40,0.30,2.20,1.70,97%,88%,98%,97%,97%,88%,143,310,214,310,169,32,1.60,1.60,209,118,2,-,13%,3%,57%,92%,30%,5%,0%,0%,943,283,16.5%,-8.6%,132,126,14%,45%,360,124,38%,44%,50,12,5%,4%,401,22,43%,8%
54,8.540461145,-74.63035535,Majagual_T1_T2_T3.pdf,Majagual_metrics.jpg,Majagual.zip,Majagual.jpg,Majagual_Metrics.jpg,Majagual.zip,,,,Majagual.jpg,Majagual.png,Majagual,Sucre,América Latina y El Caribe,"11,128",164,67.75,1987-01-01,2001-07-01,2014-07-01,"4,887","8,792","11,128",3.8%,6.1%,37%,40%,47%,0%,0%,0%,4%,1%,2%,59%,59%,51%,8.4%,1.5%,40,135,164,300.00,159,140,-4.4%,-1.0%,122,65,68,-4.3%,0.3%,0.11,0.09,  5.4 ,  5.4 ,8%,10%,90%,86%,2%,4%,0%,0%,0%,0%,8.10,4.10,1.40,0.00,8.10,4.10,100%,99%,0%,-,100%,99%,16,336,-,475,16,544,0.70,1.30,-,-,1,-,0%,0%,0%,0%,100%,100%,0%,0%,38,24,16.2%,-3.7%,4,14,9%,60%,30,7,79%,28%,3,2,7%,8%,2,1,5%,4%
55,6.699979418,-72.73215144,Malaga_T1_T2_T3.pdf,Malaga_metrics.jpg,Malaga.zip,Malaga.jpg,Malaga_Metrics.jpg,Malaga.zip,,,,Malaga.jpg,Malaga.png,Malaga,Santander,América Latina y El Caribe,"14,726",273,53.93,1992-09-01,2000-12-01,2015-01-01,"11,476","13,806","14,726",10.1%,6.7%,18%,29%,30%,30%,23%,23%,2%,2%,2%,49%,45%,45%,5.3%,1.1%,151,233,273,150.00,108,98,-4.0%,-0.7%,76,59,54,-3.0%,-0.7%,0.14,0.14,  6.7 ,  6.0 ,10%,19%,63%,58%,24%,22%,1%,1%,1%,0%,2.20,1.90,0.80,1.30,0.50,0.60,100%,100%,100%,100%,97%,94%,101,475,101,481,195,2578,0.90,1.10,-,72,1,-,8%,52%,50%,41%,42%,5%,0%,2%,51,22,8.0%,-5.9%,15,8,30%,37%,15,6,30%,29%,7,0,14%,2%,13,7,26%,32%
56,1.257843279,-70.2335538,Mitu_T1_T2_T3.pdf,Mitu_metrics.jpg,Mitu.zip,Mitu.jpg,Mitu_Metrics.jpg,Mitu.zip,,,,Mitu.jpg,Mitu.png,Mitú,Vaupés,América Latina y El Caribe,"11,373",244,46.60,1990-09-01,2002-01-01,2016-01-01,"3,250","8,122","11,373",3.5%,5.1%,0%,31%,34%,42%,30%,30%,6%,2%,1%,52%,37%,35%,9.4%,0.1%,83,240,244,81.00,54,72,-3.6%,2.0%,39,34,47,-1.3%,2.3%,0.17,0.20,  7.9 ,  9.0 ,3%,2%,44%,32%,49%,58%,4%,8%,0%,0%,4.30,4.00,1.70,0.00,4.30,4.00,100%,100%,0%,-,100%,100%,73,236,-,266,73,994,4.40,15.40,186,-,4,-,6%,15%,94%,85%,0%,0%,0%,0%,110,8,24.2%,-18.8%,19,4,17%,52%,42,0,39%,2%,31,3,28%,33%,18,1,16%,13%
57,4.705040669,-74.23035005,Mosquera_T1_T2_T3.pdf,Mosquera_metrics.jpg,Mosquera.zip,Mosquera.jpg,Mosquera_Metrics.jpg,Mosquera.zip,,,,Mosquera.jpg,Mosquera.png,Mosquera,Nariño,América Latina y El Caribe,"113,070","1,375",82.23,1991-01-01,2003-11-01,2015-04-01,"5,002","39,569","113,070",1.0%,3.1%,0%,14%,37%,47%,31%,19%,3%,1%,1%,50%,53%,43%,11.1%,10.0%,106,437,1375,95.00,194,143,5.6%,-2.6%,47,90,82,5.0%,-0.8%,0.24,0.23,  9.0 ,  8.9 ,22%,22%,24%,39%,30%,18%,7%,10%,17%,10%,3.60,1.20,1.80,1.00,0.50,0.20,100%,84%,100%,72%,91%,45%,67,298,75,409,304,830,8.00,6.20,-,136,8,145,0%,13%,0%,27%,100%,38%,0%,23%,151,584,22.3%,11.9%,19,135,12%,23%,65,213,43%,36%,18,43,12%,7%,49,194,33%,33%
58,8.0884,-74.7763,Nechi_T1_T2_T3.pdf,Nechi_metrics.jpg,Nechi.zip,Nechi.jpg,Nechi_Metrics.jpg,Nechi.zip,,,,Nechi.jpg,Nechi.png,Nechí,Nariño,América Latina y El Caribe,"14,749",143,103.33,1991-07-20,1999-05-23,2016-07-08,"2,830","6,547","14,749",5.5%,2.6%,0%,0%,28%,36%,50%,34%,16%,9%,3%,48%,41%,35%,8.7%,4.2%,35,69,143,154.00,161,159,0.5%,0.0%,81,95,103,2.0%,0.5%,0.14,0.16,  5.5 ,  5.6 ,8%,8%,89%,89%,3%,3%,0%,0%,0%,0%,3.60,2.40,2.10,0.00,3.60,2.40,100%,99%,0%,-,100%,99%,58,912,-,917,58,7109,0.70,0.70,-,-,1,-,0%,0%,100%,100%,0%,0%,0%,0%,22,52,15.1%,5.0%,2,9,8%,17%,4,29,17%,56%,4,4,20%,8%,12,10,55%,19%
59,5.1668,-75.5204,Neira_T1_T2_T3.pdf,Neira_metrics.jpg,Neira.zip,Neira.jpg,Neira_Metrics.jpg,Neira.zip,,,,Neira.jpg,Neira.png,Neira,Caldas,América Latina y El Caribe,"23,212",118,196.73,1989-08-07,2000-08-21,2015-01-11,"11,907","17,678","23,212",6.1%,5.3%,0%,9%,17%,47%,42%,36%,6%,1%,1%,47%,47%,46%,3.5%,0.6%,74,108,118,302.00,310,365,0.2%,1.1%,161,163,197,0.1%,1.3%,0.18,0.26,  6.0 ,  3.4 ,8%,38%,78%,62%,12%,0%,2%,0%,0%,0%,4.50,4.00,1.10,0.00,4.50,4.00,100%,100%,0%,-,100%,100%,71,250,-,589,71,419,0.70,0.40,-,-,1,-,21%,34%,3%,10%,76%,56%,0%,0%,16,6,3.8%,-7.5%,4,4,25%,77%,10,1,64%,23%,1,0,6%,0%,1,0,6%,0%
60,5.705152333,-77.27110034,Nuqui_T1_T2_T3.pdf,Nuqui_metrics.jpg,Nuqui.zip,Nuqui.jpg,Nuqui_Metrics.jpg,Nuqui.zip,,,,Nuqui.jpg,Nuqui.png,Nuquí,Chocó,América Latina y El Caribe,"3,695",52,71.27,1991-02-01,1998-01-01,2015-03-01,748,"2,461","3,695",4.4%,3.9%,0%,0%,3%,15%,53%,52%,61%,16%,7%,24%,31%,38%,23.3%,3.2%,6,30,52,166.00,119,115,-4.9%,-0.2%,126,83,71,-6.1%,-0.9%,0.09,0.05,  4.6 ,  4.3 ,8%,18%,92%,82%,0%,0%,0%,0%,0%,0%,8.30,3.50,3.40,0.00,8.30,3.50,100%,100%,0%,-,100%,100%,114,199,-,257,114,790,1.20,0.80,-,-,1,-,10%,50%,90%,50%,0%,0%,0%,0%,8,8,25.5%,0.2%,0,2,3%,24%,1,4,11%,46%,6,2,73%,30%,1,0,13%,0%
61,0.6769,-76.8802,Orito_T1_T2_T3.pdf,Orito_metrics.jpg,Orito.zip,Orito.jpg,Orito_Metrics.jpg,Orito.zip,,,,Orito.jpg,Orito.png,Orito,Putumayo,América Latina y El Caribe,"49,967",0,0.00,1989-08-07,1999-06-24,2014-08-04,"15,878","21,785","49,967",7.4%,2.9%,2%,10%,15%,43%,36%,30%,2%,2%,4%,53%,52%,50%,2.1%,3.7%,200,245,432,169.00,185,231,0.9%,1.5%,80,89,116,1.1%,1.7%,0.15,0.16,  8.3 ,  6.1 ,11%,21%,44%,54%,25%,20%,11%,2%,9%,2%,1.00,1.00,2.00,0.70,0.40,0.30,96%,96%,97%,98%,75%,57%,199,249,184,249,440,1148,4.60,6.00,-,-,5,-,68%,48%,32%,52%,0%,0%,0%,0%,23,97,2.5%,9.5%,11,18,47%,19%,6,22,27%,22%,1,9,5%,9%,5,49,22%,50%
62,4.791889774,-71.3350884,Orocue_T1_T2_T3.pdf,Orocue_metrics.jpg,Orocue.zip,Orocue.jpg,Orocue_Metrics.jpg,Orocue.zip,,,,Orocue.jpg,Orocue.png,Orocué,Casanare,América Latina y El Caribe,"5,507",221,24.98,1990-01-01,2000-01-01,2014-02-01,"1,324","3,107","5,507",4.3%,4.0%,29%,43%,52%,0%,0%,0%,7%,1%,1%,64%,56%,47%,9.6%,4.2%,36,94,170,103.00,76,61,-3.1%,-1.5%,37,33,32,-1.1%,-0.2%,0.22,0.19,  9.0 ,  6.5 ,10%,19%,21%,55%,49%,17%,17%,4%,2%,5%,11.00,6.00,1.20,0.80,9.80,5.20,100%,100%,100%,100%,100%,100%,18,187,137,479,18,314,0.80,2.80,-,224,1,138,0%,8%,85%,54%,15%,38%,0%,0%,28,49,21.6%,4.0%,3,10,12%,21%,18,29,65%,59%,1,2,5%,4%,5,8,18%,16%
63,10.74429158,-74.75008975,Palmar_De_Varela_T1_T2_T3.pdf,Palmar_De_Varela_metrics.jpg,Palmar_De_Varela.zip,Palmar_De_Varela.jpg,Palmar_De_Varela_Metrics.jpg,Palmar_De_Varela.zip,,,,Palmar_De_Varela.jpg,Palmar_De_Varela.png,Palmar de Varela,Atlántico,América Latina y El Caribe,"26,935",340,79.26,1991-03-01,1999-01-01,2011-03-01,"17,772","22,174","26,935",10.2%,6.8%,7%,58%,70%,34%,10%,8%,2%,1%,1%,57%,30%,21%,3.1%,0.7%,244,312,340,170.00,102,100,-6.5%,-0.1%,73,71,79,-0.3%,0.9%,0.21,0.22,  9.6 ,  5.3 ,7%,18%,30%,75%,34%,7%,23%,0%,6%,0%,4.20,3.80,2.90,1.30,2.60,2.50,100%,100%,100%,99%,100%,100%,64,1556,141,1605,92,4007,1.50,4.50,-,125,2,-,2%,29%,98%,71%,0%,0%,0%,0%,113,51,13.8%,-6.5%,82,35,73%,70%,16,14,15%,28%,4,0,3%,1%,10,1,9%,2%
64,3.526810862,-76.30004865,Palmira_T1_T2_T3.pdf,Palmira_metrics.jpg,Palmira.zip,Palmira.jpg,Palmira_Metrics.jpg,Palmira.zip,,,,Palmira.jpg,Palmira.png,Palmira,Valle del Cauca,América Latina y El Caribe,"261,095","2,418",107.98,1989-07-01,2003-02-01,2015-12-01,"165,978","222,770","261,095",5.5%,6.7%,49%,48%,58%,15%,15%,11%,2%,1%,1%,34%,36%,30%,3.7%,1.9%,1152,1903,2418,219.00,182,154,-1.4%,-1.3%,144,117,108,-1.5%,-0.6%,0.21,0.27,  8.0 ,  7.9 ,9%,10%,43%,54%,38%,23%,5%,6%,4%,7%,2.50,2.10,0.40,1.10,1.10,1.00,100%,98%,96%,88%,98%,94%,148,219,264,255,232,271,1.30,3.50,-,62,1,85,0%,8%,4%,15%,94%,66%,2%,11%,465,475,4.5%,0.2%,114,187,25%,39%,200,196,43%,41%,43,57,9%,12%,108,35,23%,7%
65,10.7487,-75.1079,Piojo_T1_T2_T3.pdf,Piojo_metrics.jpg,Piojo.zip,Piojo.jpg,Piojo_Metrics.jpg,Piojo.zip,,,,Piojo.jpg,Piojo.png,Piojó,Atlántico,América Latina y El Caribe,"2,568",67,38.36,1990-01-01,2000-03-01,2017-01-01,"1,969","2,359","2,568",8.2%,5.5%,27%,38%,41%,0%,0%,0%,11%,1%,2%,62%,61%,57%,6.6%,0.9%,29,57,67,176.00,106,89,-5.0%,-1.1%,67,41,38,-4.8%,-0.4%,0.18,0.16,  4.4 ,  3.9 ,39%,39%,56%,60%,5%,1%,1%,0%,0%,0%,7.40,4.70,1.90,0.00,7.40,4.70,100%,100%,0%,-,100%,100%,25,362,-,873,25,955,0.90,0.90,-,-,1,-,85%,52%,3%,15%,12%,33%,0%,0%,10,7,8.9%,-2.5%,3,2,29%,36%,4,2,41%,26%,1,1,10%,8%,2,2,20%,30%
66,2.441727173,-76.60542543,Popayan_T1_T2_T3.pdf,Popayan_metrics.jpg,Popayan.zip,Popayan.jpg,Popayan_Metrics.jpg,Popayan.zip,,,,Popayan.jpg,Popayan.png,Popayán,Cauca,América Latina y El Caribe,"271,290","110,411",2.46,1989-08-01,1999-07-01,2015-12-01,"138,324","168,450","271,290",8.3%,3.8%,51%,53%,50%,13%,11%,14%,1%,2%,1%,35%,35%,35%,2.6%,4.1%,1229,1587,3101,172.00,163,134,-0.6%,-1.2%,113,106,87,-0.6%,-1.2%,0.24,0.19,  8.7 ,  6.9 ,9%,13%,42%,59%,33%,22%,8%,3%,7%,3%,2.90,2.20,0.60,0.90,1.60,1.20,100%,97%,95%,81%,98%,93%,109,250,257,516,199,615,1.90,7.00,87,-,2,-,8%,17%,24%,40%,65%,26%,3%,17%,232,985,2.9%,8.8%,85,263,37%,27%,96,255,42%,26%,24,86,11%,9%,26,381,11%,39%
67,13.38083056,-81.3692,Providencia_T1_T2_T3.pdf,Providencia_metrics.jpg,Providencia.zip,Providencia.jpg,Providencia_Metrics.jpg,Providencia.zip,,,,Providencia.jpg,Providencia.png,Providencia y Santa Catalina,San Andrés,América Latina y El Caribe,"5,297",698,7.59,1991-07-01,2000-02-01,2015-03-01,"1,337","3,990","5,297",3.9%,5.0%,31%,168%,218%,0%,0%,0%,0%,0%,0%,152%,527%,508%,10.8%,0.6%,35,88,96,99.00,129,67,3.1%,-4.3%,38,46,55,2.0%,1.3%,0.29,0.22,  -   ,  4.5 ,0%,42%,23%,32%,77%,26%,0%,1%,0%,0%,0.00,1.70,2.90,0.00,0.00,1.70,0%,100%,0%,-,0%,100%,-,132,-,185,-,538,5.70,10.90,-,-,6,-,100%,100%,0%,0%,0%,0%,0%,0%,16,48,14.1%,7.1%,1,10,4%,21%,1,9,8%,19%,5,1,32%,2%,9,28,55%,59%
68,6.185178231,-67.48127291,Puerto_Carreno_T1_T2_T3.pdf,Puerto_Carreno_metrics.jpg,Puerto_Carreno.zip,Puerto_Carreno.jpg,Puerto_Carreno_Metrics.jpg,Puerto_Carreno.zip,,,,Puerto_Carreno.jpg,Puerto_Carreno.png,Puerto Carreño,Vichada,América Latina y El Caribe,"16,017",519,30.89,1997-10-05,2001-01-09,2016-01-11,"8,461","12,511","16,017",20.7%,5.2%,9%,17%,30%,33%,30%,25%,3%,3%,2%,55%,51%,43%,4.0%,0.9%,399,455,519,47.00,56,54,5.0%,-0.2%,21,27,31,8.0%,0.8%,0.14,0.12,  8.0 ,  5.7 ,17%,22%,44%,63%,16%,14%,13%,1%,10%,0%,0.00,0.70,1.80,0.60,0.00,0.10,0%,96%,0%,-,0%,100%,-,396,-,476,-,1690,2.40,2.90,-,-,2,-,14%,56%,86%,44%,0%,0%,0%,0%,45,69,7.7%,2.9%,21,41,46%,59%,13,23,29%,34%,1,0,3%,0%,10,5,22%,7%
69,4.31231595,-72.08070065,Puerto_Gaitan_T1_T2_T3.pdf,Puerto_Gaitan_metrics.jpg,Puerto_Gaitan.zip,Puerto_Gaitan.jpg,Puerto_Gaitan_Metrics.jpg,Puerto_Gaitan.zip,,,,Puerto_Gaitan.jpg,Puerto_Gaitan.png,Puerto Gaitán,Meta,América Latina y El Caribe,0,"1,947",0.00,1990-01-01,2000-01-05,2014-02-04,"3,700","5,163","7,542",7.2%,4.9%,0%,2%,25%,43%,47%,30%,10%,4%,4%,47%,48%,41%,3.4%,2.4%,76,108,152,91.00,91,84,0.0%,-0.6%,48,48,50,-0.1%,0.2%,0.23,0.34,  9.0 ,  9.9 ,5%,11%,24%,28%,59%,39%,13%,7%,0%,15%,1.00,0.90,1.00,0.20,1.00,0.70,100%,100%,100%,100%,100%,100%,232,279,262,672,145,505,1.30,2.00,-,-,1,-,0%,16%,6%,44%,94%,40%,0%,0%,110,651,27.2%,12.6%,4,15,3%,2%,9,15,8%,2%,1,0,1%,0%,3,3,3%,1%
70,0.9638,-76.408,Puerto_Guzman_T1_T2_T3.pdf,Puerto_Guzman_metrics.jpg,Puerto_Guzman.zip,Puerto_Guzman.jpg,Puerto_Guzman_Metrics.jpg,Puerto_Guzman.zip,,,,Puerto_Guzman.jpg,Puerto_Guzman.png,Puerto Guzmán,Putumayo,América Latina y El Caribe,"15,852",126,125.99,1989-12-01,2002-01-01,2016-03-01,"6,035","6,250","15,852",8.0%,2.8%,41%,41%,44%,0%,0%,0%,11%,0%,3%,48%,58%,54%,7.0%,2.2%,24,57,78,479.00,263,436,-5.0%,3.6%,248,110,203,-6.7%,4.3%,0.22,0.24,  8.1 ,  6.9 ,5%,4%,36%,70%,52%,25%,7%,0%,0%,0%,5.10,2.90,0.40,0.00,5.10,2.90,100%,100%,0%,-,100%,100%,24,596,-,1498,24,783,0.90,1.00,-,359,1,-,17%,29%,83%,71%,0%,0%,0%,0%,10,12,6.8%,1.0%,1,4,5%,35%,9,4,86%,37%,1,1,9%,12%,0,2,0%,17%
71,-0.194796267,-74.78131477,Puerto_Leguizamo_T1_T2_T3.pdf,Puerto_Leguizamo_metrics.jpg,Puerto_Leguizamo.zip,Puerto_Leguizamo.jpg,Puerto_Leguizamo_Metrics.jpg,Puerto_Leguizamo.zip,,,,Puerto_Leguizamo.jpg,Puerto_Leguizamo.png,Puerto Leguizamo,Putumayo,América Latina y El Caribe,"19,886",230,86.65,1991-02-01,2001-01-01,2013-09-01,"7,866","10,445","19,886",7.6%,4.1%,8%,27%,41%,54%,37%,22%,2%,3%,3%,36%,33%,34%,1.4%,3.4%,129,149,230,95.00,104,131,0.9%,1.8%,61,70,87,1.4%,1.7%,0.13,0.05,  5.3 ,  3.7 ,32%,59%,57%,30%,10%,7%,2%,3%,0%,0%,3.80,2.20,1.00,0.30,3.70,2.00,100%,100%,100%,100%,100%,100%,54,264,10,374,54,416,1.50,2.50,-,131,2,-,7%,79%,93%,21%,0%,0%,0%,0%,18,52,2.1%,8.5%,4,10,21%,19%,12,34,71%,66%,0,4,3%,8%,1,4,6%,8%
72,2.9412,-73.2075,Puerto_Rico_T1_T2_T3.pdf,Puerto_Rico_metrics.jpg,Puerto_Rico.zip,Puerto_Rico.jpg,Puerto_Rico_Metrics.jpg,Puerto_Rico.zip,,,,Puerto_Rico.jpg,Puerto_Rico.png,Puerto Rico,Meta,América Latina y El Caribe,"7,421",141,52.72,1988-01-11,2000-02-13,2016-10-30,"4,551","5,221","7,421",7.2%,4.2%,0%,6%,25%,49%,50%,34%,7%,2%,1%,44%,42%,39%,2.3%,2.0%,77,101,141,106.00,89,87,-1.4%,-0.2%,59,52,53,-1.2%,0.1%,0.26,0.18,  13.1 ,  9.4 ,1%,2%,1%,9%,38%,86%,43%,3%,18%,0%,3.20,2.30,0.80,0.00,3.20,2.30,100%,100%,0%,-,100%,100%,86,479,-,732,86,1114,1.00,2.00,-,-,1,-,0%,0%,100%,100%,0%,0%,0%,0%,15,26,2.9%,3.2%,4,8,25%,29%,8,17,54%,67%,0,0,2%,0%,3,1,20%,4%
73,8.3613,-72.4084,Puerto_Santander_T1_T2_T3.pdf,Puerto_Santander_metrics.jpg,Puerto_Santander.zip,Puerto_Santander.jpg,Puerto_Santander_Metrics.jpg,Puerto_Santander.zip,,,,Puerto_Santander.jpg,Puerto_Santander.png,Puerto Santander,Norte de Santander,América Latina y El Caribe,"13,636",82,166.14,1991-09-01,2000-09-01,2016-08-01,617,"5,988","13,636",1.1%,2.8%,0%,3%,4%,28%,59%,54%,40%,4%,4%,32%,35%,38%,14.6%,5.2%,10,36,82,94.00,258,270,11.2%,0.3%,64,167,166,10.7%,0.0%,0.15,0.19,  7.4 ,  6.8 ,2%,5%,61%,74%,33%,16%,4%,4%,0%,0%,4.00,3.70,1.70,0.00,4.00,3.70,100%,100%,0%,-,100%,100%,59,202,-,391,59,435,1.10,0.60,-,99,1,-,2%,4%,0%,19%,98%,77%,0%,0%,16,26,27.0%,3.1%,0,1,0%,4%,0,2,2%,8%,1,14,4%,54%,15,9,94%,34%
74,4.6259,-75.7619,Quimbaya_T1_T2_T3.pdf,Quimbaya_metrics.jpg,Quimbaya.zip,Quimbaya.jpg,Quimbaya_Metrics.jpg,Quimbaya.zip,,,,Quimbaya.jpg,Quimbaya.png,Quimbaya,Quindío,América Latina y El Caribe,"28,645",235,121.85,1989-08-01,1997-07-01,2014-07-01,"19,740","24,439","28,645",10.2%,5.0%,15%,28%,32%,35%,28%,23%,5%,2%,3%,45%,43%,43%,3.0%,1.9%,135,172,235,266.00,249,213,-0.8%,-0.9%,146,142,122,-0.3%,-0.9%,0.21,0.19,  6.9 ,  5.2 ,9%,31%,60%,49%,27%,20%,3%,0%,0%,0%,2.60,1.90,1.60,0.00,2.60,1.90,100%,94%,0%,-,100%,94%,110,272,-,302,110,1293,0.60,1.60,-,71,1,-,4%,34%,29%,35%,68%,1%,0%,31%,23,36,3.9%,2.8%,12,11,53%,31%,7,20,31%,55%,1,1,3%,3%,3,4,13%,11%
75,7.392570678,-73.49623775,Sabana_De_Torres_T1_T2_T3.pdf,Sabana_De_Torres_metrics.jpg,Sabana_De_Torres.zip,Sabana_De_Torres.jpg,Sabana_De_Torres_Metrics.jpg,Sabana_De_Torres.zip,,,,Sabana_De_Torres.jpg,Sabana_De_Torres.png,Sabana de Torres,Santander,América Latina y El Caribe,"13,000",407,31.92,1991-06-01,2001-01-01,2015-01-01,"11,138","11,847","13,000",9.8%,6.5%,47%,48%,50%,21%,20%,20%,2%,2%,1%,30%,30%,29%,1.0%,0.7%,337,370,407,47.00,46,45,-0.3%,-0.1%,33,32,32,-0.3%,0.0%,0.19,0.08,  6.1 ,  2.6 ,19%,79%,63%,21%,13%,0%,5%,0%,0%,0%,2.80,2.70,0.30,0.40,2.40,2.40,100%,100%,99%,99%,100%,100%,109,241,278,498,133,318,1.30,0.80,88,-,1,-,2%,1%,88%,99%,11%,0%,0%,0%,23,29,1.0%,1.7%,3,12,13%,40%,19,15,82%,52%,0,0,0%,0%,1,2,4%,7%
76,8.946302802,-75.44401917,Sahagun_T1_T2_T3.pdf,Sahagun_metrics.jpg,Sahagun.zip,Sahagun.jpg,Sahagun_Metrics.jpg,Sahagun.zip,,,,Sahagun.jpg,Sahagun.png,Sahagún,Córdoba,América Latina y El Caribe,"44,997",665,67.69,1987-01-01,2001-07-01,2014-07-01,"29,692","40,120","44,997",5.1%,6.9%,48%,45%,49%,17%,20%,19%,2%,1%,1%,34%,34%,31%,1.8%,1.2%,438,565,665,102.00,108,99,0.3%,-0.7%,68,71,68,0.3%,-0.4%,0.24,0.19,  7.9 ,  5.0 ,5%,24%,57%,70%,31%,5%,3%,1%,4%,0%,2.30,1.90,0.60,0.20,1.80,1.70,100%,99%,100%,100%,100%,98%,167,383,146,559,186,683,1.00,1.00,182,190,1,-,4%,2%,59%,98%,37%,0%,0%,0%,82,83,1.9%,0.1%,16,29,19%,35%,51,46,63%,55%,2,1,2%,1%,13,7,16%,9%
77,5.4024,-75.4865,Salamina_T1_T2_T3.pdf,Salamina_metrics.jpg,Salamina.zip,Salamina.jpg,Salamina_Metrics.jpg,Salamina.zip,,,,Salamina.jpg,Salamina.png,Salamina,Caldas,América Latina y El Caribe,"8,320",0.00,0.00,1987-01-20,2000-08-21,2015-01-11,"11,499","10,597","8,320",8.0%,8.9%,0%,12%,14%,52%,45%,43%,4%,3%,3%,44%,40%,40%,2.6%,0.3%,76,108,113,271.00,165,122,-3.6%,-2.1%,152,98,74,-3.2%,-2.0%,0.13,0.26,  4.6 ,  3.9 ,35%,55%,60%,43%,4%,2%,1%,0%,0%,0%,2.60,2.80,1.40,0.00,2.60,2.80,100%,100%,0%,-,100%,100%,131,500,-,500,131,2831,0.70,1.10,-,-,1,-,3%,39%,1%,27%,96%,34%,0%,0%,21,3,3.6%,-12.5%,5,2,22%,45%,15,1,71%,26%,0,0,2%,0%,1,1,5%,29%
78,9.1836,-75.3811,Sampues_T1_T2_T3.pdf,Sampues_metrics.jpg,Sampues.zip,Sampues.jpg,Sampues_Metrics.jpg,Sampues.zip,,,,Sampues.jpg,Sampues.png,Sampués,Sucre,América Latina y El Caribe,"42,353",358,118.27,1990-07-01,2001-01-01,2017-01-01,"13,690","23,319","42,353",5.6%,3.4%,12%,32%,43%,35%,23%,19%,2%,3%,3%,51%,41%,35%,3.9%,2.7%,154,231,358,183.00,172,182,-0.6%,0.4%,89,101,118,1.2%,1.0%,0.22,0.24,  8.2 ,  8.3 ,3%,5%,45%,51%,43%,26%,7%,17%,1%,1%,3.80,3.00,1.50,0.60,3.30,2.40,100%,100%,100%,99%,100%,100%,79,835,46,892,88,3197,2.00,5.30,123,160,2,-,4%,50%,71%,49%,25%,2%,0%,0%,61,97,7.7%,2.9%,19,27,31%,28%,26,46,43%,47%,2,7,3%,7%,14,17,23%,18%
79,12.58215217,-81.69316187,San_Antonio_T1_T2_T3.pdf,San_Antonio_metrics.jpg,San_Antonio.zip,San_Antonio.jpg,San_Antonio_Metrics.jpg,San_Antonio.zip,,,,San_Antonio.jpg,San_Antonio.png,San Antonio,Tolima,América Latina y El Caribe,"4,375",102,42.87,1989-08-07,2001-02-05,2013-09-02,"5,097","4,616","4,375",9.6%,8.4%,36%,42%,48%,0%,0%,0%,1%,0%,1%,63%,57%,52%,2.6%,1.3%,64,87,102,213.00,124,89,-4.7%,-2.7%,79,53,43,-3.5%,-1.7%,0.13,0.03,  6.2 ,  4.2 ,10%,34%,68%,66%,21%,0%,1%,0%,0%,0%,2.10,1.90,0.90,0.00,2.10,1.90,100%,100%,0%,-,100%,100%,81,346,-,586,81,568,0.80,1.10,-,-,1,-,37%,100%,3%,0%,59%,0%,0%,0%,13,12,4.7%,-0.6%,6,8,47%,67%,6,4,49%,32%,1,0,4%,2%,0,0,0%,0%
80,8.929749339,-75.02702274,San_benito_abad_T1_T2_T3.pdf,San_benito_abad_metrics.jpg,San_benito_abad.zip,San_benito_abad.jpg,San_benito_abad_Metrics.jpg,San_benito_abad.zip,,,,San_benito_abad.jpg,San_benito_abad.png,San Benito Abad,Sucre,América Latina y El Caribe,"5,529",111,49.75,1987-01-01,2001-07-01,2014-07-01,"9,502","8,027","5,529",8.2%,11.2%,26%,39%,42%,0%,0%,0%,5%,1%,1%,70%,61%,57%,4.7%,3.9%,53,106,175,590.00,192,73,-7.7%,-7.5%,179,76,32,-5.9%,-6.8%,0.20,0.11,  7.1 ,  5.6 ,6%,12%,62%,80%,30%,7%,2%,0%,0%,0%,9.10,5.50,2.00,0.00,9.10,5.50,100%,100%,0%,-,100%,100%,12,235,-,268,12,635,1.40,3.40,217,189,1,-,1%,0%,99%,100%,0%,0%,0%,0%,"20,807","14,059",8909.4%,-3.0%,6,14,0%,0%,10,7,0%,0%,5,9,0%,0%,4,5,0%,0%
81,8.250007913,-74.72277922,San_jacinto_del_cauca_T1_T2_T3.pdf,San_jacinto_del_cauca_metrics.jpg,San_jacinto_del_cauca.zip,San_jacinto_del_cauca.jpg,San_jacinto_del_cauca_Metrics.jpg,San_jacinto_del_cauca.zip,,,,San_jacinto_del_cauca.jpg,San_jacinto_del_cauca.png,San Jacinto del Cauca,Bolivar,América Latina y El Caribe,"8,003",51,157.95,1987-01-01,2001-07-01,2014-07-01,"1,109","3,194","8,003",2.4%,3.1%,31%,41%,45%,0%,0%,0%,0%,0%,0%,68%,59%,55%,2.8%,2.1%,26,38,51,137.00,202,354,2.7%,4.3%,43,83,158,4.5%,4.9%,0.00,0.01,  -   ,  -   ,0.00,0.00,0.00,0.00,0.00,0.00,0.00,0.00,0.00,0.00,4.50,3.00,0.50,0.00,4.50,3.00,100%,100%,0%,-,100%,100%,23,346,-,1555,23,468,0.00,0.00,-,-,0,-,100%,100%,0%,0%,0%,0%,0%,0%,9,7,7.4%,-2.0%,3,3,30%,51%,5,3,59%,44%,0,0,0%,5%,1,0,11%,0%
82,8.760582669,-76.52869353,San_Juan_Uraba_T1_T2_T3.pdf,San_Juan_Uraba_metrics.jpg,San_Juan_Uraba.zip,San_Juan_Uraba.jpg,San_Juan_Uraba_Metrics.jpg,San_Juan_Uraba.zip,,,,San_Juan_Uraba.jpg,San_Juan_Uraba.png,San Juan de Urabá,Bolivar,América Latina y El Caribe,"10,167",89,114.80,1991-03-01,2001-01-01,2015-01-01,"3,355","7,109","10,167",4.8%,5.0%,0%,0%,0%,38%,48%,46%,16%,8%,5%,46%,44%,49%,6.1%,2.4%,34,63,89,181.00,203,226,1.1%,0.8%,97,113,115,1.5%,0.1%,0.09,0.39,  4.2 ,  6.2 ,29%,7%,71%,79%,0%,14%,0%,0%,0%,0%,3.00,2.90,1.40,0.00,3.00,2.90,100%,99%,0%,-,100%,99%,98,261,-,364,98,647,0.60,1.40,-,-,1,-,97%,61%,3%,39%,0%,0%,0%,0%,16,10,9.0%,-3.8%,1,1,7%,10%,3,5,19%,56%,2,0,13%,3%,10,3,61%,31%
83,8.662470461,-75.12891845,San_marcos_T1_T2_T3.pdf,San_marcos_metrics.jpg,San_marcos.zip,San_marcos.jpg,San_marcos_Metrics.jpg,San_marcos.zip,,,,San_marcos.jpg,San_marcos.png,San Marcos,Sucre,América Latina y El Caribe,"33,122",514,64.42,1987-01-01,2001-07-01,2014-07-01,"14,046","24,964","33,122",3.9%,5.8%,0%,0%,35%,36%,42%,21%,5%,4%,1%,59%,54%,43%,4.8%,3.1%,172,345,514,199.00,156,112,-1.7%,-2.5%,82,72,64,-0.8%,-0.9%,0.16,0.15,  6.7 ,  5.5 ,6%,12%,73%,80%,20%,8%,1%,0%,0%,0%,3.40,2.50,1.90,0.00,3.40,2.50,100%,100%,0%,-,100%,100%,77,158,-,278,77,435,1.90,3.50,-,300,2,-,1%,1%,93%,99%,6%,0%,0%,0%,90,134,8.8%,3.1%,6,68,7%,51%,12,31,13%,23%,43,14,48%,10%,29,22,32%,16%
84,6.75,-73.367,San_Martin_T1_T2_T3.pdf,San_Martin_metrics.jpg,San_Martin.zip,San_Martin.jpg,San_Martin_Metrics.jpg,San_Martin.zip,,,,San_Martin.jpg,San_Martin.png,San Martín,Meta,América Latina y El Caribe,"20,860",433,48.24,1989-12-01,2001-03-01,2014-01-01,"9,452","15,886","20,860",5.3%,5.9%,21%,39%,52%,30%,20%,15%,2%,1%,1%,47%,40%,31%,2.5%,0.6%,305,402,432,59.00,65,70,0.9%,0.6%,31,39,48,2.1%,1.6%,0.17,0.21,  7.3 ,  6.3 ,11%,14%,56%,65%,26%,13%,5%,7%,2%,0%,2.50,2.30,1.00,0.30,1.90,1.90,100%,100%,100%,100%,100%,100%,101,281,62,423,124,900,1.50,2.50,-,104,2,98,1%,1%,36%,90%,63%,9%,0%,0%,82,53,4.5%,-3.3%,44,40,53%,74%,24,10,29%,18%,7,0,8%,0%,8,4,10%,8%
85,8.279858388,-76.38032469,San_Pedro_Uraba_T1_T2_T3.pdf,San_Pedro_Uraba_metrics.jpg,San_Pedro_Uraba.zip,San_Pedro_Uraba.jpg,San_Pedro_Uraba_Metrics.jpg,San_Pedro_Uraba.zip,,,,San_Pedro_Uraba.jpg,San_Pedro_Uraba.png,San Pedro de Urabá,Meta,América Latina y El Caribe,"15,594",220,70.81,1991-03-01,2001-01-01,2015-01-01,"6,025","10,019","15,594",4.5%,4.6%,0%,3%,33%,42%,45%,22%,12%,4%,3%,46%,49%,41%,7.2%,2.6%,59,154,220,190.00,128,120,-2.9%,-0.5%,102,65,71,-3.3%,0.6%,0.20,0.26,  7.7 ,  7.6 ,2%,6%,49%,49%,48%,42%,0%,3%,0%,0%,5.40,3.10,2.80,0.00,5.40,3.10,100%,100%,0%,-,100%,100%,31,218,-,261,31,1065,3.70,1.20,205,195,4,-,0%,18%,100%,82%,0%,0%,0%,0%,46,51,10.8%,0.8%,5,20,11%,39%,17,23,37%,44%,12,2,26%,4%,12,7,26%,14%
86,6.879275207,-73.4098357,San_Vicente_Chucuri_T1_T2_T3.pdf,San_Vicente_Chucuri_metrics.jpg,San_Vicente_Chucuri.zip,San_Vicente_Chucuri.jpg,San_Vicente_Chucuri_Metrics.jpg,San_Vicente_Chucuri.zip,,,,San_Vicente_Chucuri.jpg,San_Vicente_Chucuri.png,San Vicente de Chucurí,Santander,América Latina y El Caribe,"15,138",196,77.37,1991-06-04,2001-01-29,2015-01-04,"8,105","13,329","15,138",6.3%,6.3%,1%,7%,11%,45%,39%,37%,7%,4%,4%,47%,49%,48%,3.0%,0.5%,135,182,196,113.00,144,150,2.5%,0.3%,60,73,77,2.1%,0.4%,0.15,0.22,  7.0 ,  6.0 ,8%,25%,69%,47%,17%,27%,2%,1%,4%,1%,0.00,4.10,1.70,0.50,0.00,3.50,0%,100%,0%,100%,0%,100%,-,516,-,557,-,2606,1.30,9.60,-,-,1,103,1%,10%,4%,1%,95%,88%,0%,0%,21,8,3.0%,-7.3%,2,4,7%,49%,4,3,18%,38%,8,0,37%,0%,8,1,38%,13%
87,2.4513,-77.9798,Santa_Barbara_T1_T2_T3.pdf,Santa_Barbara_metrics.jpg,Santa_Barbara.zip,Santa_Barbara.jpg,Santa_Barbara_Metrics.jpg,Santa_Barbara.zip,,,,Santa_Barbara.jpg,Santa_Barbara.png,Santa Bárbara,Nariño,América Latina y El Caribe,"3,863",59,65.84,1991-06-01,1998-02-01,2015-06-01,"2,751","2,904","3,714",14.2%,4.5%,21%,26%,46%,0%,0%,0%,0%,0%,0%,79%,74%,54%,3.5%,2.9%,30,37,62,443.00,299,131,-5.9%,-4.8%,93,78,60,-2.7%,-1.5%,0.16,0.03,  5.0 ,  4.7 ,11%,29%,88%,71%,0%,0%,0%,0%,0%,0%,7.80,2.70,0.70,0.00,7.80,2.70,100%,100%,0%,-,100%,100%,12,318,-,722,12,344,0.50,0.90,-,-,1,-,29%,26%,71%,74%,0%,0%,0%,0%,4,21,8.5%,10.2%,1,3,18%,13%,2,14,62%,68%,1,2,21%,10%,0,2,0%,10%
88,4.864893106,-75.62091542,Santa_Rosa_de_Viterbo_T1_T2_T3.pdf,Santa_Rosa_de_Viterbo_metrics.jpg,Santa_Rosa_de_Viterbo.zip,Santa_Rosa_de_Viterbo.jpg,Santa_Rosa_de_Viterbo_Metrics.jpg,Santa_Rosa_de_Viterbo.zip,,,,Santa_Rosa_de_Viterbo.jpg,Santa_Rosa_de_Viterbo.png,Santa Rosa de Viterbo,Boyacá,América Latina y El Caribe,"6,079",192,31.63,1989-12-01,2002-01-01,2014-12-01,"2,309","2,465","2,492",7.8%,7.7%,3%,19%,20%,41%,28%,27%,4%,2%,2%,52%,51%,51%,3.7%,0.3%,118,184,192,41.00,27,26,-3.3%,-0.3%,20,13,13,-3.1%,-0.2%,0.21,0.21,  7.7 ,  6.7 ,8%,17%,60%,59%,21%,14%,4%,4%,6%,5%,2.60,2.40,1.00,0.80,1.70,1.50,100%,100%,100%,98%,100%,100%,145,472,283,491,199,2027,1.60,6.90,-,-,2,-,9%,69%,11%,5%,75%,21%,5%,4%,33,4,4.8%,-16.0%,10,1,32%,33%,13,3,40%,67%,5,0,16%,0%,4,0,12%,0%
89,5.142424114,-70.85832655,Santa_Rosalia_T1_T2_T3.pdf,Santa_Rosalia_metrics.jpg,Santa_Rosalia.zip,Santa_Rosalia.jpg,Santa_Rosalia_Metrics.jpg,Santa_Rosalia.zip,,,,Santa_Rosalia.jpg,Santa_Rosalia.png,Santa Rosalía,Vichada,América Latina y El Caribe,"2,800",124,22.68,1990-01-01,2000-01-01,2014-02-01,403,"1,408","2,800",2.9%,3.6%,27%,52%,58%,0%,0%,0%,0%,1%,1%,75%,150%,150%,5.2%,0.2%,32,54,56,43.00,73,116,5.3%,3.3%,12,26,50,7.3%,4.7%,0.14,0.08,  6.4 ,  3.6 ,9%,51%,78%,39%,13%,10%,0%,0%,0%,0%,5.60,4.50,0.50,0.00,5.60,4.50,100%,100%,0%,-,100%,100%,31,709,-,1692,31,937,2.50,2.60,-,-,3,-,4%,5%,96%,95%,0%,0%,0%,0%,17,5,17.9%,-9.0%,1,3,8%,72%,9,1,51%,28%,0,0,1%,0%,7,0,41%,0%
90,4.963495554,-74.43446523,Sasaima_T1_T2_T3.pdf,Sasaima_metrics.jpg,Sasaima.zip,Sasaima.jpg,Sasaima_Metrics.jpg,Sasaima.zip,,,,Sasaima.jpg,Sasaima.png,Sasaima,Cundinamarca,América Latina y El Caribe,"10,988",160,68.90,1991-01-01,2003-11-01,2015-04-01,"5,677","5,452","10,988",8.1%,4.3%,27%,29%,32%,0%,0%,0%,2%,1%,1%,71%,71%,67%,4.2%,2.2%,102,175,224,189.00,106,149,-4.5%,3.0%,56,31,49,-4.5%,4.0%,0.10,0.04,  6.9 ,  6.5 ,12%,14%,55%,58%,27%,25%,6%,3%,0%,0%,4.70,3.80,0.80,0.00,4.70,3.80,100%,100%,0%,-,100%,100%,49,335,-,956,49,571,5.50,18.40,-,-,6,-,31%,98%,1%,1%,68%,0%,0%,0%,21,22,5.4%,0.4%,3,12,14%,54%,12,5,57%,23%,1,2,5%,9%,5,3,24%,14%
91,4.262925519,-75.93160396,Sevilla_T1_T2_T3.pdf,Sevilla_metrics.jpg,Sevilla.zip,Sevilla.jpg,Sevilla_Metrics.jpg,Sevilla.zip,,,,Sevilla.jpg,Sevilla.png,Sevilla,Valle del Cauca,América Latina y El Caribe,"35,969",291,123.50,1989-08-01,1998-05-01,2014-03-01,"23,784","34,869","35,969",7.8%,6.1%,32%,35%,39%,27%,22%,19%,1%,1%,2%,40%,41%,40%,2.7%,1.9%,170,216,291,232.00,274,205,1.9%,-1.8%,140,162,124,1.7%,-1.7%,0.20,0.18,  9.4 ,  7.5 ,1%,1%,17%,64%,69%,31%,13%,3%,0%,1%,6.00,2.40,0.20,0.00,6.00,2.40,100%,98%,0%,-,100%,98%,36,314,-,499,36,331,0.90,0.80,-,-,1,-,0%,2%,0%,15%,100%,83%,0%,0%,24,48,2.7%,4.3%,2,16,9%,33%,21,20,84%,42%,2,4,7%,9%,0,8,0%,17%
92,9.244595436,-75.14763396,Since_T1_T2_T3.pdf,Since_metrics.jpg,Since.zip,Since.jpg,Since_Metrics.jpg,Since.zip,,,,Since.jpg,Since.png,Sincé,Sucre,América Latina y El Caribe,"27,084",331,81.95,1987-01-01,2001-07-01,2014-07-01,"18,417","22,224","27,084",5.7%,6.3%,39%,47%,50%,23%,17%,17%,2%,1%,1%,37%,34%,32%,2.9%,0.3%,208,318,330,140.00,106,120,-1.9%,1.0%,88,70,82,-1.6%,1.2%,0.18,0.25,  6.5 ,  5.1 ,5%,26%,75%,64%,20%,9%,1%,1%,0%,0%,6.00,5.00,0.80,0.30,5.80,4.70,100%,100%,43%,50%,100%,100%,50,543,616,1092,53,1069,1.80,2.80,233,161,2,-,2%,23%,89%,77%,9%,0%,0%,0%,79,15,4.1%,-13.0%,16,9,20%,61%,56,4,71%,25%,2,0,3%,1%,5,2,6%,14%
93,4.582017451,-74.21911066,Soacha_T1_T2_T3.pdf,Soacha_metrics.jpg,Soacha.zip,Soacha.jpg,Soacha_Metrics.jpg,Soacha.zip,,,,Soacha.jpg,Soacha.png,Soacha,Cundinamarca,América Latina y El Caribe,"540,347","2,735",197.61,1991-01-01,2003-11-01,2015-04-01,"149,496","379,060","540,347",3.1%,6.1%,25%,50%,60%,30%,14%,12%,2%,1%,1%,43%,36%,28%,6.2%,2.4%,944,2084,2734,280.00,282,274,0.0%,-0.3%,158,182,198,1.1%,0.7%,0.19,0.24,  6.4 ,  8.4 ,24%,21%,52%,46%,19%,17%,2%,6%,3%,10%,2.50,1.80,1.80,0.60,1.60,1.10,96%,86%,78%,64%,92%,81%,168,167,419,292,244,467,4.60,2.80,67,66,5,64,0%,9%,40%,43%,44%,23%,16%,25%,810,630,11.8%,-2.2%,126,268,16%,43%,357,175,44%,28%,94,148,12%,23%,233,39,29%,6%
94,5.9971,-72.6927,Socha_T1_T2_T3.pdf,Socha_metrics.jpg,Socha.zip,Socha.jpg,Socha_Metrics.jpg,Socha.zip,,,,Socha.jpg,Socha.png,Socha,Boyacá,América Latina y El Caribe,"4,553",115,39.46,1991-03-01,2000-02-01,2016-01-01,"3,068","3,821","4,553",9.0%,5.3%,0%,0%,17%,47%,49%,36%,4%,3%,3%,49%,49%,45%,2.1%,1.3%,78,94,115,77.00,80,72,0.4%,-0.7%,39,41,39,0.4%,-0.2%,0.21,0.54,  7.1 ,  4.1 ,3%,41%,71%,43%,23%,14%,2%,2%,0%,0%,4.10,4.00,1.20,0.00,4.10,4.00,100%,100%,0%,-,100%,100%,106,125,-,701,106,184,1.30,3.90,-,-,1,-,10%,99%,13%,0%,77%,1%,0%,0%,8,15,2.2%,3.9%,3,6,38%,41%,4,6,48%,44%,0,0,1%,1%,1,2,13%,14%
95,6.471176103,-73.26120516,Socorro_T1_T2_T3.pdf,Socorro_metrics.jpg,Socorro.zip,Socorro.jpg,Socorro_Metrics.jpg,Socorro.zip,,,,Socorro.jpg,Socorro.png,Socorro,Santander,América Latina y El Caribe,"25,282",287,88.03,1989-12-01,2001-01-01,2015-10-01,"17,171","20,964","25,282",7.4%,5.6%,34%,34%,33%,22%,22%,20%,3%,2%,2%,41%,43%,45%,1.6%,1.5%,194,232,287,150.00,159,160,0.5%,0.1%,88,90,88,0.2%,-0.2%,0.23,0.27,  7.3 ,  7.4 ,7%,4%,55%,71%,35%,13%,3%,8%,0%,4%,2.80,2.50,1.10,1.10,1.70,1.40,100%,99%,92%,88%,100%,93%,106,122,277,341,140,212,1.30,0.90,108,106,1,-,20%,33%,21%,39%,48%,28%,11%,0%,17,25,1.3%,2.7%,6,4,34%,18%,9,13,52%,52%,0,6,2%,23%,2,2,12%,8%
96,10.92824114,-74.77878254,Soledad_T1_T2_T3.pdf,Soledad_metrics.jpg,Soledad.zip,Soledad.jpg,Soledad_Metrics.jpg,Soledad.zip,,,,Soledad.jpg,Soledad.png,Soledad,Atlántico,América Latina y El Caribe,"611,447","3,141",194.64,1991-03-01,2003-01-01,2015-03-01,"202,903","426,935","611,447",4.0%,5.7%,37%,48%,74%,17%,14%,7%,1%,1%,0%,45%,37%,19%,3.3%,1.4%,1804,2660,3141,204.00,256,240,1.9%,-0.5%,113,160,195,3.0%,1.6%,0.39,0.19,  7.5 ,  5.8 ,44%,34%,22%,47%,11%,10%,11%,3%,11%,5%,2.50,2.20,0.30,0.60,1.80,1.60,98%,96%,66%,60%,94%,93%,139,188,486,520,199,198,3.20,2.00,-,85,3,-,0,5%,0,84%,0,6%,0,5%,673,879,5.7%,2.2%,295,533,44%,61%,173,289,26%,33%,90,3,13%,0%,116,54,17%,6%
97,8.812598071,-74.72296452,Sucre_T1_T2_T3.pdf,Sucre_metrics.jpg,Sucre.zip,Sucre.jpg,Sucre_Metrics.jpg,Sucre.zip,,,,Sucre.jpg,Sucre.png,Sucre,Sucre,América Latina y El Caribe,"29,939",120,249.18,1987-01-01,2001-07-01,2014-07-01,"10,713","36,428","29,939",2.0%,9.4%,0%,0%,15%,48%,48%,40%,5%,5%,5%,47%,47%,41%,2.7%,2.3%,60,89,120,336.00,780,422,5.8%,-4.7%,179,410,249,5.7%,-3.8%,0.07,0.13,  5.2 ,  4.9 ,22%,30%,65%,57%,13%,13%,0%,0%,0%,0%,1.90,2.50,1.80,0.00,1.90,2.50,100%,100%,0%,-,100%,100%,89,747,-,892,89,1928,2.70,2.00,-,-,3,-,0%,0%,0%,0%,100%,100%,0%,0%,14,24,3.1%,4.2%,4,6,31%,27%,3,12,24%,48%,1,0,10%,0%,5,6,36%,25%
98,5.8303,-72.1631,Tamara_T1_T2_T3.pdf,Tamara_metrics.jpg,Tamara.zip,Tamara.jpg,Tamara_Metrics.jpg,Tamara.zip,,,,Tamara.jpg,Tamara.png,Támara,Casanare,América Latina y El Caribe,"3,584",88,40.93,1992-09-02,2003-01-04,2016-04-21,"1,523","2,241","3,584",6.6%,4.7%,26%,28%,25%,0%,0%,0%,0%,1%,1%,74%,72%,74%,2.5%,2.8%,46,60,88,126.00,131,155,0.4%,1.3%,33,37,41,1.2%,0.7%,0.32,0.28,  5.0 ,  3.8 ,35%,66%,60%,34%,6%,0%,0%,0%,0%,0%,2.80,2.20,0.90,0.00,2.80,2.20,100%,100%,0%,-,100%,100%,76,439,-,1221,76,508,3.80,4.70,-,-,4,-,66%,100%,33%,0%,0%,0%,2%,0%,6,8,4.8%,2.2%,1,1,19%,7%,4,4,64%,51%,0,0,0%,6%,1,3,17%,37%
99,0.5647,-69.6341,Taraira_T1_T2_T3.pdf,Taraira_metrics.jpg,Taraira.zip,Taraira.jpg,Taraira_Metrics.jpg,Taraira.zip,,,,Taraira.jpg,Taraira.png,Taraira,Vaupés,América Latina y El Caribe,"3,206",211,15.17,1990-04-16,1999-09-09,2016-01-11,848,820,827,11.0%,6.1%,90%,194%,161%,0%,0%,0%,1%,4%,4%,313%,568%,419%,10.1%,2.3%,10,25,36,428.00,138,72,-12.0%,-4.0%,89,33,23,-10.5%,-2.3%,0.06,0.06,  4.6 ,  2.4 ,22%,76%,78%,20%,0%,4%,0%,0%,0%,0%,1.40,0.50,2.00,0.00,1.40,0.50,100%,100%,0%,-,100%,100%,52,2340,-,2405,52,4651,3.20,15.20,-,-,3,-,23%,0%,77%,100%,0%,0%,0%,0%,18,7,97.9%,-6.2%,0,1,1%,15%,3,3,15%,52%,1,1,6%,16%,13,0,71%,0%
100,2.7777,-77.6676,Timbiqui_T1_T2_T3.pdf,Timbiqui_metrics.jpg,Timbiqui.zip,Timbiqui.jpg,Timbiqui_Metrics.jpg,Timbiqui.zip,,,,Timbiqui.jpg,Timbiqui.png,Timbiquí,Cauca,América Latina y El Caribe,"5,292",107,49.67,1986-11-02,1998-04-02,2015-06-11,"2,563","3,257","5,292",6.9%,3.6%,31%,40%,54%,0%,0%,0%,1%,1%,0%,67%,59%,46%,5.6%,3.3%,32,60,107,248.00,132,92,-5.5%,-2.1%,81,54,50,-3.5%,-0.5%,0.11,0.07,  4.4 ,  4.4 ,19%,22%,81%,78%,0%,0%,0%,0%,0%,0%,4.50,2.70,0.80,0.00,4.50,2.70,100%,100%,0%,-,100%,100%,71,698,-,804,71,1954,0.50,1.10,-,-,1,-,31%,98%,45%,2%,23%,0%,0%,0%,14,33,11.5%,5.1%,3,6,23%,17%,10,26,74%,80%,0,1,3%,2%,0,0,0%,0%
101,10.87532157,-74.97711834,Tubara_T1_T2_T3.pdf,Tubara_metrics.jpg,Tubara.zip,Tubara.jpg,Tubara_Metrics.jpg,Tubara.zip,,,,Tubara.jpg,Tubara.png,Tubará,Atlántico,América Latina y El Caribe,"6,567",104,63.18,1991-03-01,1999-01-01,2011-03-01,"5,168","5,761","6,567",11.4%,7.2%,0%,0%,0%,38%,49%,52%,18%,4%,1%,45%,48%,46%,9.9%,1.2%,33,71,82,286.00,156,149,-7.7%,-0.4%,158,81,80,-8.5%,-0.1%,0.12,0.07,  5.2 ,  5.3 ,27%,16%,63%,82%,9%,2%,1%,0%,0%,0%,2.90,2.80,0.80,0.00,2.90,2.80,100%,100%,0%,-,100%,100%,109,428,-,940,109,641,1.40,4.00,278,-,1,-,16%,62%,84%,38%,0%,0%,0%,0%,18,6,12.9%,-8.7%,3,4,14%,69%,6,2,35%,31%,1,0,7%,0%,8,0,44%,0%
102,0.4016,-76.7798,Valle_Guamuez_T1_T2_T3.pdf,Valle_Guamuez_metrics.jpg,Valle_Guamuez.zip,Valle_Guamuez.jpg,Valle_Guamuez_Metrics.jpg,Valle_Guamuez.zip,,,,Valle_Guamuez.jpg,Valle_Guamuez.png,Valle del Guamuez,Putumayo,América Latina y El Caribe,"40,291",243,166.18,1989-08-01,1999-06-01,2015-09-01,"5,473","17,475","40,291",3.2%,2.7%,33%,41%,48%,0%,0%,0%,1%,1%,1%,66%,57%,51%,10.6%,2.8%,74,208,328,220.00,197,252,-1.1%,1.5%,74,84,123,1.2%,2.4%,0.16,0.20,  8.1 ,  6.8 ,9%,13%,51%,56%,22%,26%,10%,2%,8%,2%,2.90,2.20,1.50,0.50,0.80,1.60,100%,100%,100%,100%,100%,100%,82,266,84,445,315,822,2.30,1.00,-,190,2,-,50%,32%,50%,68%,0%,0%,0%,0%,63,71,25.7%,0.7%,9,24,14%,35%,41,31,66%,44%,8,10,13%,14%,4,5,6%,7%
103,6.012000147,-73.67199149,Velez_T1_T2_T3.pdf,Velez_metrics.jpg,Velez.zip,Velez.jpg,Velez_Metrics.jpg,Velez.zip,,,,Velez.jpg,Velez.png,Vélez,Santander,América Latina y El Caribe,"11,880",328,36.25,1991-09-01,2003-01-01,2015-01-01,"6,665","9,627","11,880",6.1%,6.8%,48%,51%,53%,0%,0%,0%,3%,3%,3%,49%,46%,44%,9.4%,2.8%,81,233,328,162.00,76,65,-6.7%,-1.3%,83,41,36,-6.1%,-1.1%,0.14,0.21,  6.4 ,  7.3 ,13%,6%,61%,56%,24%,34%,1%,4%,0%,0%,2.20,2.00,1.30,0.00,2.20,2.00,100%,97%,0%,-,100%,97%,142,354,-,430,142,1167,1.20,4.00,-,-,1,-,23%,67%,16%,33%,61%,0%,0%,0%,85,56,18.3%,-3.5%,11,17,13%,30%,56,21,66%,37%,5,6,5%,11%,14,12,16%,21%
104,5.6365,-73.5271,Villa_De_Leyva_T1_T2_T3.pdf,Villa_De_Leyva_metrics.jpg,Villa_De_Leyva.zip,Villa_De_Leyva.jpg,Villa_De_Leyva_Metrics.jpg,Villa_De_Leyva.zip,,,,Villa_De_Leyva.jpg,Villa_De_Leyva.png,Villa de Leyva,Boyacá,América Latina y El Caribe,"12,147",192,63.37,1990-01-01,2001-01-01,2014-01-01,"1,593","7,230","12,147",2.0%,4.6%,0%,1%,15%,21%,41%,31%,20%,5%,4%,59%,54%,50%,13.3%,2.8%,31,133,192,126.00,117,127,-0.6%,0.6%,52,54,63,0.5%,1.2%,0.14,0.13,  6.1 ,  5.4 ,12%,28%,70%,54%,17%,17%,1%,1%,0%,0%,3.70,3.10,0.80,0.00,3.70,3.10,100%,100%,0%,-,100%,100%,71,391,-,472,71,878,1.40,4.30,-,567,1,-,4%,12%,69%,79%,23%,3%,5%,6%,49,33,35.0%,-2.9%,2,9,3%,27%,20,16,41%,48%,8,1,17%,4%,19,7,39%,21%
105,5.045267754,-75.51282201,Villamaria_T1_T2_T3.pdf,Villamaria_metrics.jpg,Villamaria.zip,Villamaria.jpg,Villamaria_Metrics.jpg,Villamaria.zip,,,,Villamaria.jpg,Villamaria.png,Villamaría,Caldas,América Latina y El Caribe,"24,802",244,101.46,1989-08-01,2002-07-01,2014-07-01,"19,308","28,098","24,802",5.3%,9.4%,25%,40%,48%,26%,15%,12%,2%,0%,1%,47%,45%,40%,0.7%,1.0%,197,217,244,186.00,235,168,1.8%,-2.8%,98,130,101,2.2%,-2.0%,0.24,0.27,  5.5 ,  4.5 ,23%,43%,63%,56%,13%,1%,1%,0%,0%,0%,1.40,1.40,0.60,0.00,1.40,1.40,100%,97%,17%,26%,100%,97%,178,194,862,804,178,276,0.60,0.40,-,-,1,-,5%,0%,0%,0%,86%,94%,9%,6%,16,27,1.2%,4.5%,10,16,66%,58%,3,9,19%,33%,0,0,2%,2%,2,2,13%,7%
106,10.60442,-72.98219449,Villanueva_T1_T2_T3.pdf,Villanueva_metrics.jpg,Villanueva.zip,Villanueva.jpg,Villanueva_Metrics.jpg,Villanueva.zip,,,,Villanueva.jpg,Villanueva.png,Villanueva,Guajira,América Latina y El Caribe,"24,178",408,59.25,1991-03-01,2001-03-01,2014-03-01,"16,563","21,271","24,178",7.8%,6.8%,36%,47%,51%,22%,19%,16%,3%,1%,1%,39%,33%,33%,3.1%,1.0%,264,360,408,103.00,89,89,-1.4%,0.0%,63,59,59,-0.6%,0.0%,0.22,0.26,  8.0 ,  8.2 ,5%,4%,50%,48%,37%,38%,6%,5%,2%,4%,1.40,1.40,1.00,0.20,1.20,1.20,100%,100%,100%,100%,100%,100%,176,265,73,914,192,462,1.40,1.00,207,-,1,383,2%,2%,58%,92%,40%,6%,0%,0%,77,32,4.8%,-6.7%,17,12,22%,38%,59,18,77%,57%,0,2,1%,6%,1,0,1%,0%
107,11.0041,-74.807,Municipio_Barranquilla_T1_T2_T3.pdf,Municipio_Barranquilla_metrics.jpg,Municipio_Barranquilla.zip,Municipio_Barranquilla.jpg,Municipio_Barranquilla_Metrics.jpg,Municipio_Barranquilla.zip,,,,Municipio_Barranquilla.jpg,Municipio_Barranquilla.png,Barranquilla,Atlántico,América Latina y El Caribe,"1,680,472","14,177",118.53,1991-03-01,2001-03-01,2014-03-01,"1,234,764","1,481,255","1,680,472",10.6%,7.2%,64%,67%,78%,8%,9%,6%,1%,1%,1%,27%,23%,15%,3.7%,1.1%,9296,12389,14177,182.00,155,140,-2.1%,-0.8%,133,120,119,-1.3%,-0.1%,0.23,0.24,  9.0 ,  7.0 ,18%,28%,33%,42%,26%,16%,14%,8%,10%,7%,2.00,1.70,1.60,1.10,0.70,0.60,86%,81%,77%,70%,56%,51%,287,360,387,420,861,633,1.50,2.60,126,91,2,104,5%,2%,48%,65%,44%,20%,4%,13%,"2,799","2,429",5.3%,-1.2%,"1,355","1,322",48%,54%,562,719,20%,30%,361,149,13%,6%,521,239,19%,10%
108,4.598428,-74.07651589,Municipio_Bogota_T1_T2_T3.pdf,Municipio_Bogota_metrics.jpg,Municipio_Bogota.zip,Municipio_Bogota.jpg,Municipio_Bogota_Metrics.jpg,Municipio_Bogota.zip,,,,Municipio_Bogota.jpg,Municipio_Bogota.png,Bogotá D.C.,Cundinamarca,América Latina y El Caribe,"7,306,650","48,047",152.07,1991-03-01,2001-03-01,2014-03-01,"4,442,220","6,074,405","7,306,650",5.7%,7.3%,61%,70%,69%,10%,7%,9%,1%,1%,1%,29%,22%,22%,1.5%,1.8%,d,39019,48047,194.00,201,195,0.3%,-0.3%,138,156,152,0.9%,-0.2%,0.25,0.23,  10.9 ,  6.6 ,14%,16%,31%,40%,24%,19%,14%,14%,17%,11%,2.00,1.80,0.70,1.10,0.70,0.60,97%,93%,86%,80%,64%,63%,175,645,370,1714,605,829,1.90,4.20,-,-,2,-,1%,5%,9%,26%,63%,18%,27%,51%,"7,342","7,207",2.5%,-0.2%,"3,481","2,570",47%,36%,"2,514","1,896",34%,26%,371,635,5%,9%,976,"2,106",13%,29%
109,7.1193,-73.1227,Municipio_Bucaramanga_T1_T2_T3.pdf,Municipio_Bucaramanga_metrics.jpg,Municipio_Bucaramanga.zip,Municipio_Bucaramanga.jpg,Municipio_Bucaramanga_Metrics.jpg,Municipio_Bucaramanga.zip,,,,Municipio_Bucaramanga.jpg,Municipio_Bucaramanga.png,Bucaramanga,Santander,América Latina y El Caribe,"794,905","6,471",122.83,1991-03-01,2001-03-01,2014-03-01,"556,735","633,222","794,905",9.2%,5.7%,54%,63%,59%,14%,10%,12%,1%,1%,1%,32%,26%,27%,1.3%,3.2%,3648,4134,6471,225.00,207,169,-0.9%,-1.4%,153,153,123,0.0%,-1.6%,0.25,0.22,  15.8 ,  6.0 ,10%,35%,45%,45%,26%,12%,7%,3%,12%,5%,3.10,2.60,0.00,1.30,1.50,1.30,99%,95%,95%,87%,88%,81%,128,599,217,-,286,-,1.70,3.50,79,63,2,85,7%,37%,4%,19%,66%,27%,23%,16%,587,"1,634",2.5%,7.3%,342,182,58%,11%,173,554,30%,34%,26,169,4%,10%,46,729,8%,45%
110,3.4516,-76.532,Municipio_Cali_T1_T2_T3.pdf,Municipio_Cali_metrics.jpg,Municipio_Cali.zip,Municipio_Cali.jpg,Municipio_Cali_Metrics.jpg,Municipio_Cali.zip,,,,Municipio_Cali.jpg,Municipio_Cali.png,Cali,Valle del Cauca,América Latina y El Caribe,"2,068,138","16,903",122.36,1991-03-01,2001-03-01,2014-03-01,"1,430,561","1,733,058","2,068,138",6.1%,6.5%,59%,66%,68%,9%,8%,8%,1%,1%,1%,30%,25%,23%,1.9%,2.3%,9778,12636,16903,210.00,182,158,-1.0%,-1.1%,146,137,122,-0.5%,-0.9%,0.27,0.17,  10.4 ,  12.0 ,14%,22%,27%,45%,34%,20%,12%,4%,13%,8%,3.20,2.50,2.10,2.10,0.40,0.40,99%,94%,99%,91%,42%,41%,114,418,121,741,918,710,1.70,8.30,108,92,2,70,6%,37%,6%,4%,76%,46%,11%,12%,"2,701","3,544",2.9%,2.1%,"1,261","1,225",47%,35%,829,857,31%,24%,304,332,11%,9%,307,"1,130",11%,32%
111,10.391,-75.4794,Municipio_Cartagena_T1_T2_T3.pdf,Municipio_Cartagena_metrics.jpg,Municipio_Cartagena.zip,Municipio_Cartagena.jpg,Municipio_Cartagena_Metrics.jpg,Municipio_Cartagena.zip,,,,Municipio_Cartagena.jpg,Municipio_Cartagena.png,Cartagena,Bolivar,América Latina y El Caribe,"835,740","8,640",96.73,1991-03-01,2001-03-01,2014-03-01,"519,742","749,343","835,740",7.2%,6.4%,69%,73%,77%,11%,7%,6%,1%,1%,0%,18%,20%,17%,4.2%,1.5%,4677,6998,8640,136.00,133,116,-0.2%,-1.0%,111,107,97,-0.4%,-0.7%,0.20,0.18,  7.6 ,  6.7 ,16%,21%,50%,49%,24%,21%,4%,6%,6%,3%,2.60,2.00,0.50,0.60,1.90,1.40,97%,88%,64%,56%,90%,79%,157,244,524,2083,255,345,1.50,3.90,164,62,2,244,1%,43%,49%,40%,48%,9%,2%,8%,"1,810","1,555",4.9%,-1.1%,326,384,18%,25%,806,792,45%,51%,31,206,2%,13%,647,173,36%,11%
112,4.7472,-75.9116,Municipio_Cartago_T1_T2_T3.pdf,Municipio_Cartago_metrics.jpg,Municipio_Cartago.zip,Municipio_Cartago.jpg,Municipio_Cartago_Metrics.jpg,Municipio_Cartago.zip,,,,Municipio_Cartago.jpg,Municipio_Cartago.png,Cartago,Valle del Cauca,América Latina y El Caribe,"129,149","1,317",98.09,1991-03-01,2001-03-01,2014-03-01,"103,093","132,017","129,149",6.0%,8.5%,51%,44%,52%,15%,20%,16%,2%,2%,1%,32%,34%,31%,3.2%,0.7%,801,1210,1317,190.00,165,141,-1.1%,-1.3%,129,109,98,-1.3%,-0.9%,0.21,0.18,  8.0 ,  7.0 ,11%,15%,51%,54%,24%,22%,8%,3%,7%,5%,1.80,1.70,1.50,1.00,1.00,0.70,92%,91%,68%,75%,85%,76%,239,250,451,299,319,1350,2.10,4.00,60,-,2,-,14%,15%,8%,9%,74%,59%,4%,17%,259,110,3.7%,-7.1%,71,45,27%,41%,43,55,17%,50%,20,1,8%,1%,126,9,49%,8%
113,9.3217,-75.2945,Municipio_Corozal_T1_T2_T3.pdf,Municipio_Corozal_metrics.jpg,Municipio_Corozal.zip,Municipio_Corozal.jpg,Municipio_Corozal_Metrics.jpg,Municipio_Corozal.zip,,,,Municipio_Corozal.jpg,Municipio_Corozal.png,Corozal,Sucre,América Latina y El Caribe,"45,891",893,51.39,1991-03-01,2001-03-01,2014-03-01,"31,682","33,546","45,891",6.5%,5.6%,50%,45%,36%,14%,19%,24%,2%,2%,2%,34%,33%,39%,3.0%,3.3%,378,582,893,128.00,87,84,-2.7%,-0.3%,84,58,51,-2.6%,-0.9%,0.23,0.22,  7.0 ,  4.9 ,11%,40%,55%,50%,29%,7%,3%,1%,2%,2%,3.10,2.50,1.30,0.20,3.00,2.30,100%,100%,100%,100%,100%,97%,98,242,115,438,98,595,1.10,2.10,121,144,1,-,0%,48%,69%,38%,31%,2%,0%,11%,138,160,3.8%,1.1%,29,26,21%,16%,67,42,49%,26%,5,25,4%,16%,37,67,27%,42%
114,7.8891,-72.4967,Municipio_Cucuta_T1_T2_T3.pdf,Municipio_Cucuta_metrics.jpg,Municipio_Cucuta.zip,Municipio_Cucuta.jpg,Municipio_Cucuta_Metrics.jpg,Municipio_Cucuta.zip,,,,Municipio_Cucuta.jpg,Municipio_Cucuta.png,Cúcuta,Norte de Santander,América Latina y El Caribe,"739,321","9,953",74.28,1991-03-01,2001-03-01,2014-03-01,"455,553","581,707","739,321",8.1%,5.2%,57%,64%,71%,12%,10%,7%,1%,1%,1%,30%,25%,22%,6.1%,2.0%,4104,7421,9953,159.00,104,95,-4.4%,-0.6%,111,78,74,-3.6%,-0.4%,0.23,0.22,  8.5 ,  6.9 ,9%,13%,39%,58%,39%,22%,10%,3%,4%,3%,2.40,2.00,1.20,0.70,1.60,1.20,99%,95%,67%,70%,97%,79%,163,187,473,453,219,410,1.80,1.70,195,185,2,585,20%,25%,37%,37%,42%,27%,1%,12%,"2,719","2,230",9.8%,-1.3%,636,593,23%,27%,"1,630",886,60%,40%,105,85,4%,4%,348,666,13%,30%
115,5.0703,-75.5138,Municipio_Manizales_T1_T2_T3.pdf,Municipio_Manizales_metrics.jpg,Municipio_Manizales.zip,Municipio_Manizales.jpg,Municipio_Manizales_Metrics.jpg,Municipio_Manizales.zip,,,,Municipio_Manizales.jpg,Municipio_Manizales.png,Manizales,Caldas,América Latina y El Caribe,"361,529","2,906",124.40,1991-03-01,2001-03-01,2014-03-01,"269,306","309,878","361,529",6.7%,7.1%,37%,43%,41%,21%,17%,19%,2%,1%,2%,41%,39%,38%,0.6%,3.2%,1819,1971,2906,251.00,256,202,0.2%,-2.0%,148,157,124,0.5%,-2.0%,0.27,0.22,  7.3 ,  6.4 ,12%,25%,55%,50%,24%,14%,4%,4%,5%,6%,3.70,3.30,1.30,1.40,2.10,1.90,100%,99%,89%,87%,99%,98%,105,347,279,418,172,1115,1.10,3.30,-,-,1,83,11%,28%,4%,2%,77%,47%,8%,23%,137,581,1.0%,12.1%,85,139,62%,24%,32,94,23%,16%,4,178,3%,31%,16,171,12%,29%
116,6.257480514,-75.57349999,Municipio_Medellin_T1_T2_T3.pdf,Municipio_Medellin_metrics.jpg,Municipio_Medellin.zip,Municipio_Medellin.jpg,Municipio_Medellin_Metrics.jpg,Municipio_Medellin.zip,,,,Municipio_Medellin.jpg,Municipio_Medellin.png,Medellín,Antioquia,América Latina y El Caribe,"3,357,809","23,947",140.22,1991-03-01,2001-03-01,2014-03-01,"2,279,471","2,680,424","3,357,809",9.4%,5.5%,64%,68%,66%,9%,8%,10%,1%,1%,1%,26%,23%,24%,3.1%,2.1%,13346,17617,23947,231.00,197,184,-1.8%,-0.5%,171,152,140,-1.3%,-0.6%,0.23,0.14,  9.0 ,  5.3 ,11%,32%,34%,47%,34%,17%,13%,3%,8%,1%,2.30,1.70,0.90,0.90,0.90,0.80,84%,77%,70%,55%,65%,61%,294,916,487,928,604,1919,3.10,7.50,-,-,3,293,15%,60%,1%,0%,57%,16%,27%,24%,"3,741","4,621",4.2%,1.5%,"1,418","1,444",38%,31%,"1,498","1,525",40%,33%,359,595,10%,13%,467,"1,058",13%,23%
117,4.8087,-75.6906,Municipio_Pereira_T1_T2_T3.pdf,Municipio_Pereira_metrics.jpg,Municipio_Pereira.zip,Municipio_Pereira.jpg,Municipio_Pereira_Metrics.jpg,Municipio_Pereira.zip,,,,Municipio_Pereira.jpg,Municipio_Pereira.png,Pereira,Risaralda,América Latina y El Caribe,"486,071","4,850",100.22,1991-03-01,2001-03-01,2014-03-01,"279,370","463,214","486,071",4.7%,7.9%,45%,41%,46%,17%,18%,15%,1%,1%,1%,37%,40%,37%,5.6%,1.2%,2040,4219,4850,216.00,185,160,-1.2%,-1.2%,137,110,100,-1.7%,-0.8%,0.26,0.24,  9.4 ,  7.4 ,10%,27%,34%,36%,35%,21%,12%,7%,9%,8%,3.90,3.00,1.10,1.00,2.80,2.00,100%,96%,88%,78%,95%,92%,103,392,300,408,179,1215,2.80,6.30,-,-,3,80,15%,10%,4%,39%,69%,32%,12%,19%,"1,219",529,7.3%,-7.0%,209,229,17%,43%,327,174,27%,33%,164,55,13%,11%,520,71,43%,13%
118,5.531808528,-73.36179674,Municipio_Tunja_T1_T2_T3.pdf,Municipio_Tunja_metrics.jpg,Municipio_Tunja.zip,Municipio_Tunja.jpg,Municipio_Tunja_Metrics.jpg,Municipio_Tunja.zip,,,,Municipio_Tunja.jpg,Municipio_Tunja.png,Tunja,Boyacá,América Latina y El Caribe,"150,704","2,113",71.31,1991-03-01,2001-03-01,2014-03-01,"101,442","118,100","150,704",10.4%,6.0%,31%,37%,42%,24%,20%,17%,2%,1%,1%,43%,42%,40%,3.0%,0.7%,1496,1923,2113,120.00,107,119,-1.4%,0.9%,68,61,71,-1.2%,1.1%,0.25,0.26,  7.4 ,  6.1 ,18%,18%,50%,67%,20%,12%,5%,2%,7%,2%,1.70,1.70,0.80,1.00,0.70,0.70,99%,99%,85%,82%,79%,76%,167,393,327,3386,372,1330,2.80,6.40,-,86,3,81,12%,23%,24%,34%,45%,30%,19%,13%,262,155,3.8%,-4.0%,108,83,41%,54%,97,39,37%,25%,21,8,8%,5%,37,25,14%,16%