,,,,,,,,,,,,,,,,,,,,,,,,,Areas and Densities,,,,,,,,,,,,,,,,,,,,,,,,,,,,,,,,Blocks and Roads,,,,,,,,,,,,,,,,,,,,,,,,,,,,,,,,,,,,,,,,,,,,,,,,,,,,,,,,,,,,,,,,,,,,
,-,-,-,,-,-,,-,,,,-,-,-,-,,-,-,-,-,-,-,,,POPULATION,,,,,URBAN EXTENT,,,,,,,,,,,,,,,,,DENSITY,,,,,,,,,,ROADS,,,,,,,,,,,,,,ARTERIAL ROADS,,,,,,,,,,,,,,,,,,BLOCKS AND PLOTS,,,,,,,,,,,,,,,,,,,,,,,,,,,,,,,,,,,,
,-,-,-,,-,-,,-,,,,-,-,-,-,,-,-,-,-,-,-,,,Population,,,Avg. Annual % Change,,Urban Composition,,,,,,,,,,,,Avg. Annual % Change,,Urban Extent Actuals,,,Built-up Area,,,,,Urban Extent,,,,,Share of Built-up Area Occupied by Roads & Boulevards,,Average Street Width,,Street Width Composition,,,,,,,,,,Density of Arterial Roads,,,,,,Share of area within walking distance of arterial road,,,,,,Beeline distance to arterial roads,,,,,,Average Block Size,,Average Plot Size,,,,Composition of Residential Uses,,,,,,,,Composition of Added Area,,,,,,,,,,,,,,,,,,,,,,
,-,-,Areas and Densities,,,Blocks and Roads,,,Historical Data,,,-,-,-,-,,-,-,-,-,-,-,,,Population,,,Population,,Urban,,,Suburban,,,Rural,,,Open space,,,Total,,T1,T2,T3,Built-up Area,,,Avg. Annual % Change,,Urban Extent,,,Avg. Annual % Change,,Share of Built-up Area Occupied by Roads & Boulevards,,Average Street Width,,<4m,,4-8m,,8-12m,,12-16m,,>16m,,All,,Wide,,Narrow,,All,,Wide,,Narrow,,All,,Wide,,Narrow,,Average Block Size,,Average Plot Size in Informal Land Subdivisions,,Average Plot Size in Formal Land Subdivisions,,Share of Residential in Atomistic Settlements,,Share of Residential in Informal Subdivisions,,Share of Residential in Formal Subdivisions,,Share of Residential in Housing Projects,,Total added area (ha),,,,"added area, infill (ha)",,,,"added area, Extension (ha)",,,,"added area, Leapfrog (ha)",,,,Inclusion (ha),,,,,,
City Code,Latitude,Longitude,Maps,Metrics,GIS,Maps,Metrics,GIS,Maps,Metrics,GIS,Image,Flag,Source,Country,Region,Population,Extent,Density,T1,T2,T3,t2-t1,t3-t1,T1,T2,T3,T1-T2,T2-T3,T1,T2,T3,T1,T2,T3,T1,T2,T3,T1,T2,T3,T1-T2,T2-T3,,,,T1,T2,T3,T1-T2,T2-T3,T1,T2,T3,T1-T2,T2-T3,Pre-1990,1990-2015,Pre-1990,1990-2015,Pre-1990,1990-2015,Pre-1990,1990-2015,Pre-1990,1990-2015,Pre-1990,1990-2015,Pre-1990,1990-2015,Pre - 1990,1990 - 2015,Pre - 1990,1990 - 2015,Pre - 1990,1990 - 2015,Pre - 1990,1990 - 2015,Pre - 1990,1990 - 2015,Pre - 1990,1990 - 2015,Pre - 1990,1990 - 2015,Pre - 1990,1990 - 2015,Pre - 1990,1990 - 2015,Pre-1990,1990-2015,Pre - 1990,1990 - 2015,Pre - 1990,1990 - 2015,Pre - 1990,1990 - 2015,Pre - 1990,1990 - 2015,Pre - 1990,1990 - 2015,Pre - 1990,1990 - 2015,T1-T2,T2-T3,Ratio T1-T2/T2-T3,annual change T2-T3 (%),T1-T2,T2-T3,Percent T1-T2 added area,Percent T2-T3 added area,T1-T2,T2-T3,Percent T1-T2 added area,Percent T2-T3 added area,T1-T2,T2-T3,Percent T1-T2 added area,Percent T2-T3 added area,T1-T2,T2-T3,Percent T1-T2 added area,Percent T2-T3 added area,,,CIty COd Dane
WORLD,-,-,-,,-,,,,,,,-,-,WORLD,-,-,-,-,-,-,-,-,,,-,-,-,4.50%,2.80%,-,-,-,-,-,-,-,-,-,-,-,-,5.90%,4.30%,-,-,-,171.9,133,106,-2.10%,-1.60%,103,86,72,-1.50%,-1.50%,0.22,0.21,9.01,7.43,0.2,0.29,0.37,0.41,0.21,0.16,0.1,0.07,0.13,0.08,2.01,1.32,1.39,0.82,0.63,0.5,0.93,0.82,0.84,0.68,0.54,0.5,224,423,358,715,1031,1286,3.6,5.2,89,160,331,284,22%,31%,14%,27%,52%,28%,13%,13%,-,-,-,-,-,-,-,-,-,-,-,-,-,-,-,-,-,-,-,-,,,
REGION,-,-,-,,-,,,,,,,-,-,Trash (ASD),,,-,-,-,-,-,-,,,-,-,-,4.00%,2.80%,-,-,-,-,-,-,-,-,-,-,-,-,5.10%,4.50%,-,-,-,165,123,97,-2.00%,-1.70%,103,85,67,-1.20%,-1.60%,0.21,0.23,8.21,7.54,0.25,0.16,0.37,0.48,0.16,0.25,0.08,0.07,0.14,0.05,2.26,1.59,1.41,0.91,0.85,0.67,0.96,0.85,0.86,0.72,0.68,0.62,182,342,308,542,572,691,4.22,4.37,-,513,481,307,24%,14%,13%,35%,45%,38%,18%,13%,-,-,-,-,-,-,-,-,-,-,-,-,-,-,-,-,-,-,-,-,,,
REGION,-,-,-,,-,,,,,,,-,-,Trash (ASD),,,-,-,-,-,-,-,,,-,-,-,4.00%,2.80%,-,-,-,-,-,-,-,-,-,-,-,-,5.10%,4.50%,-,-,-,165,123,97,-2.00%,-1.70%,103,85,67,-1.20%,-1.60%,0.21,0.23,8.21,7.54,0.25,0.16,0.37,0.48,0.16,0.25,0.08,0.07,0.14,0.05,2.26,1.59,1.41,0.91,0.85,0.67,0.96,0.85,0.86,0.72,0.68,0.62,182,342,308,542,572,691,4.22,4.37,-,513,481,307,24%,14%,13%,35%,45%,38%,18%,13%,-,-,-,-,-,-,-,-,-,-,-,-,-,-,-,-,-,-,-,-,,,
REGION,-,-,-,,-,,,,,,,-,-,Trash (ASD),,,-,-,-,-,-,-,,,-,-,-,4.00%,2.80%,-,-,-,-,-,-,-,-,-,-,-,-,5.10%,4.50%,-,-,-,165,123,97,-2.00%,-1.70%,103,85,67,-1.20%,-1.60%,0.21,0.23,8.21,7.54,0.25,0.16,0.37,0.48,0.16,0.25,0.08,0.07,0.14,0.05,2.26,1.59,1.41,0.91,0.85,0.67,0.96,0.85,0.86,0.72,0.68,0.62,182,342,308,542,572,691,4.22,4.37,-,513,481,307,24%,14%,13%,35%,45%,38%,18%,13%,-,-,-,-,-,-,-,-,-,-,-,-,-,-,-,-,-,-,-,-,,,
REGION,-,-,-,,-,,,,,,,-,-,Trash (ASD),,,-,-,-,-,-,-,,,-,-,-,4.00%,2.80%,-,-,-,-,-,-,-,-,-,-,-,-,5.10%,4.50%,-,-,-,165,123,97,-2.00%,-1.70%,103,85,67,-1.20%,-1.60%,0.21,0.23,8.21,7.54,0.25,0.16,0.37,0.48,0.16,0.25,0.08,0.07,0.14,0.05,2.26,1.59,1.41,0.91,0.85,0.67,0.96,0.85,0.86,0.72,0.68,0.62,182,342,308,542,572,691,4.22,4.37,-,513,481,307,24%,14%,13%,35%,45%,38%,18%,13%,-,-,-,-,-,-,-,-,-,-,-,-,-,-,-,-,-,-,-,-,,,
REGION,-,-,-,,-,,,,,,,-,-,Trash (ASD),,,-,-,-,-,-,-,,,-,-,-,4.00%,2.80%,-,-,-,-,-,-,-,-,-,-,-,-,5.10%,4.50%,-,-,-,165,123,97,-2.00%,-1.70%,103,85,67,-1.20%,-1.60%,0.21,0.23,8.21,7.54,0.25,0.16,0.37,0.48,0.16,0.25,0.08,0.07,0.14,0.05,2.26,1.59,1.41,0.91,0.85,0.67,0.96,0.85,0.86,0.72,0.68,0.62,182,342,308,542,572,691,4.22,4.37,-,513,481,307,24%,14%,13%,35%,45%,38%,18%,13%,-,-,-,-,-,-,-,-,-,-,-,-,-,-,-,-,-,-,-,-,,,
REGION,-,-,-,,-,,,,,,,-,-,Trash (ASD),,,-,-,-,-,-,-,,,-,-,-,4.00%,2.80%,-,-,-,-,-,-,-,-,-,-,-,-,5.10%,4.50%,-,-,-,165,123,97,-2.00%,-1.70%,103,85,67,-1.20%,-1.60%,0.21,0.23,8.21,7.54,0.25,0.16,0.37,0.48,0.16,0.25,0.08,0.07,0.14,0.05,2.26,1.59,1.41,0.91,0.85,0.67,0.96,0.85,0.86,0.72,0.68,0.62,182,342,308,542,572,691,4.22,4.37,-,513,481,307,24%,14%,13%,35%,45%,38%,18%,13%,-,-,-,-,-,-,-,-,-,-,-,-,-,-,-,-,-,-,-,-,,,
REGION,-,-,-,,-,,,,,,,-,-,Trash (ASD),,,-,-,-,-,-,-,,,-,-,-,4.00%,2.80%,-,-,-,-,-,-,-,-,-,-,-,-,5.10%,4.50%,-,-,-,165,123,97,-2.00%,-1.70%,103,85,67,-1.20%,-1.60%,0.21,0.23,8.21,7.54,0.25,0.16,0.37,0.48,0.16,0.25,0.08,0.07,0.14,0.05,2.26,1.59,1.41,0.91,0.85,0.67,0.96,0.85,0.86,0.72,0.68,0.62,182,342,308,542,572,691,4.22,4.37,-,513,481,307,24%,14%,13%,35%,45%,38%,18%,13%,-,-,-,-,-,-,-,-,-,-,-,-,-,-,-,-,-,-,-,-,,,
REGION,-,-,-,,-,,,,,,,-,-,Colombia (Co),,,-,-,-,-,-,-,,,-,-,-,2.90%,1.80%,-,-,-,-,-,-,-,-,-,-,-,-,3.20%,1.90%,-,-,-,193.75,179,171,-0.90%,-0.37,127,125,123,-0.40%,-0.10%,0.23,0.21,9.2,6.7,0.13,0.21,0.37,0.48,0.16,0.25,0.08,0.07,0.09,0.05,2.82,2.21,1.41,0.91,0.85,0.67,0.96,0.93,0.71,0.66,0.68,0.62,156,212,308,542,572,691,1.84,4.14,60,52,132,91,9%,74%,27%,35%,53%,20%,12%,20%,-,-,-,-,-,-,-,-,-,-,-,-,-,-,-,-,-,-,-,-,,,
1,3.985947863,-73.76155996,Acacias_T1_T2_T3.pdf,Acacias_metrics.jpg,Acacias.zip,Acacias.jpg,Acacias_Metrics.jpg,Acacias.zip,,,,Acacias.jpg,Acacias.png,Acacías,META,Colombia (Co),"55,575",829,67.02,1988-03-01,2000-09-01,2013-06-01,12.5,12.75,"19,489","33,631","55,575",4.40%,3.90%,26.34%,22.56%,45.54%,25.59%,29.37%,17.29%,2.71%,1.79%,1.28%,45.36%,46.27%,35.88%,2.90%,6.50%,252,362,829,141,173,105,1.60%,-3.90%,77,93,67,1.50%,-2.60%,0.22,0.23,10.7,6.9,3%,13%,11.50%,54.40%,55.20%,25.50%,26.00%,5.80%,5%,1%,4.5,2.4,0,0,4.5,2.43,1,0.96,0,0,0,0,60.07,182,0,-,60.07,182,2.5,2.3,-,115.7,110.1,99.9,12%,89%,0%,78%,88%,4%,0%,6%,56,336,5.96,-31.60%,5,61,9.20%,18.10%,16,224,29.00%,66.60%,12,18,21.00%,5.50%,23,33,40.70%,9.80%,,,50006
2,8.568354757,-74.55497921,Achi_T1_T2_T3.pdf,Achi_metrics.jpg,Achi.zip,Achi.jpg,Achi_Metrics.jpg,Achi.zip,,,,Achi.jpg,Achi.png,Achí,BOLÍVAR,Colombia (Co),"5,992",75,79.54,1987-01-01,2001-07-01,2014-07-01,14.5,13,"4,443","4,871","5,992",0.60%,1.60%,59.06%,45.26%,51.14%,0.00%,0.00%,0.00%,0.00%,0.17%,1.55%,40.94%,54.58%,47.31%,4.80%,2.50%,27,54,75,281,198,151,-2.40%,-2.10%,166,90,80,-4.20%,-1.00%,0.19,0.14,5.5,4.4,25%,40%,73.60%,49.70%,16.20%,10.30%,2.80%,0.40%,0%,0%,3.9,2.9,0,0,3.91,2.86,1,1,0,0,0,0,60.1,108.7,0,-,60.1,108.7,0.6,0.6,128,211.3,-,-,30%,45%,53%,45%,17%,0%,0%,0%,9,15,1.73,-16.70%,0,9,3.10%,58.90%,7,5,77.30%,29.80%,2,2,19.60%,11.30%,0,0,0.00%,0.00%,,,13006
3,8.30844,-73.6166,Aguachica_T1_T2_T3.pdf,Aguachica_metrics.jpg,Aguachica.zip,Aguachica.jpg,Aguachica_Metrics.jpg,Aguachica.zip,,,,Aguachica.jpg,Aguachica.png,Aguachica,CESAR,Colombia (Co),"77,254","1,039",74.39,1989-07-01,2001-01-01,2010-01-01,11.5,9,"43,124","63,082","77,254",3.30%,2.30%,49.00%,54.92%,63.34%,15.98%,13.27%,10.24%,1.35%,1.27%,0.86%,33.67%,30.54%,25.56%,2.20%,1.50%,701,906,"1,039",93,100,100,0.70%,0.00%,62,70,74,1.10%,0.70%,0.25,0.3,9.3,8.4,9%,9%,32.80%,38.10%,38.60%,37.60%,13.60%,11.40%,6%,4%,2.8,2.3,1.32,1.01,1.43,1.26,1,0.99,0.94,0.93,0.94,0.93,103.87,133.11,226.51,253.11,205.14,220.56,1.4,0.7,170.1,119.9,-,-,9%,78%,60%,73%,29%,0%,2%,5%,163,144,0.88,-56.60%,55,75,33.60%,52.50%,94,51,57.60%,35.60%,2,6,1.50%,4.30%,12,11,7.30%,7.70%,,,20011
4,5.758964,-73.914509,Albania_T1_T2_T3.pdf,Albania_metrics.jpg,Albania.zip,Albania.jpg,Albania_Metrics.jpg,Albania.zip,,,,Albania.jpg,Albania.png,Albania,SANTANDER,Colombia (Co),814,41,19.8,1991-01-01,2000-06-01,2016-11-01,9.42,16.42,447,493,814,1.00%,3.10%,45.18%,58.52%,42.92%,0.00%,0.00%,0.00%,4.06%,2.86%,1.97%,192.39%,190.49%,132.26%,5.00%,2.30%,18,28,41,104,58,69,-6.10%,1.00%,25,17,20,-3.90%,0.80%,0.19,0.46,5.5,5.4,14%,12%,77.40%,83.40%,8.40%,4.60%,0.00%,0.00%,0%,0%,7.5,5.7,0,0,7.54,5.71,1,1,0,0,0,0,22.58,35.2,0,-,22.58,35.2,1.9,3.7,-,-,-,-,47%,0%,33%,0%,20%,0%,0%,0%,8,1,0.12,-12.70%,2,0,26.70%,0.00%,5,1,64.40%,100.00%,1,0,8.90%,0.00%,0,0,0.00%,0.00%,,,68020
5,7.886994468,-76.63042936,Apartado_T1_T2_T3.pdf,Apartado_metrics.jpg,Apartado.zip,Apartado.jpg,Apartado_Metrics.jpg,Apartado.zip,,,,Apartado.jpg,Apartado.png,Apartadó,ANTIOQUIA,Colombia (Co),"143,496",602,238.54,1991-03-01,2001-02-01,2011-03-01,9.92,10.08,"53,535","98,334","143,496",6.10%,3.80%,23.31%,49.53%,51.93%,31.78%,17.28%,17.10%,1.35%,1.10%,0.94%,43.56%,32.09%,30.03%,3.40%,0.50%,408,573,602,232,253,341,0.80%,3.00%,131,172,239,2.70%,3.30%,0.2,0.23,6.9,6.2,12%,15%,56.80%,65.20%,25.30%,13.50%,4.90%,5.50%,1%,0%,2.2,2,0.93,0.7,1.23,1.27,0.99,0.99,0.99,0.98,0.99,0.98,175.49,165.46,209.55,243.57,284.88,248.93,1.1,0.6,152.4,77.2,319.6,-,4%,95%,69%,95%,28%,0%,0%,0%,158,31,0.2,-50.30%,47,17,29.80%,54.10%,89,11,56.30%,33.50%,7,1,4.40%,2.90%,15,3,9.50%,9.50%,,,5045
6,8.851275465,-76.42751502,Arboletes_T1_T2_T3.pdf,Arboletes_metrics.jpg,Arboletes.zip,Arboletes.jpg,Arboletes_Metrics.jpg,Arboletes.zip,,,,Arboletes.jpg,Arboletes.png,Arboletes,ANTIOQUIA,Colombia (Co),"18,329",175,104.81,1991-03-01,2001-01-01,2015-01-01,9.84,14,"7,148","10,932","18,329",4.30%,3.70%,31.59%,37.11%,42.05%,28.18%,27.09%,23.37%,4.02%,1.78%,1.18%,36.21%,34.02%,33.40%,2.50%,1.00%,119,152,175,94,109,157,1.50%,2.60%,60,72,105,1.80%,2.70%,0.2,0.29,5.8,4.7,16%,28%,69.50%,68.80%,12.70%,3.60%,1.60%,0.00%,0%,0%,2.9,2.7,1.99,1.91,0.87,0.76,1,1,1,1,1,1,97.51,108.72,119.08,154.1,101.37,132.42,0.8,0.6,-,129.3,-,-,25%,70%,64%,70%,11%,0%,0%,0%,24,15,0.65,-22.60%,6,5,23.60%,30.80%,17,11,72.20%,69.20%,0,0,0.00%,0.00%,1,0,4.20%,0.00%,,,5051
7,9.850250888,-74.23655246,Ariguani_T1_T2_T3.pdf,Ariguani_metrics.jpg,Ariguani.zip,Ariguani.jpg,Ariguani_Metrics.jpg,Ariguani.zip,,,,Ariguani.jpg,Ariguani.png,Ariguaní,MAGDALENA,Colombia (Co),"22,577",278,81.08,1989-12-01,2001-02-01,2015-01-01,11.17,13.91,"10,871","15,805","22,577",3.40%,2.60%,12.31%,37.44%,40.50%,35.87%,23.37%,21.72%,5.65%,2.25%,2.20%,46.17%,36.94%,35.59%,4.50%,0.70%,153,252,278,132,99,126,-2.50%,1.70%,71,63,81,-1.10%,1.80%,0.16,0.19,7.3,4.3,3%,34%,67.10%,60.70%,25.10%,5.10%,4.50%,0.30%,0%,0%,3.4,2.1,0,0,3.43,2.1,1,0.99,0,0,0,0,76.75,177.56,0,-,76.75,177.56,1.2,1.1,-,144.5,-,-,34%,93%,66%,92%,0%,1%,0%,0%,76,20,0.26,-31.10%,18,8,23.80%,40.20%,46,9,60.30%,43.80%,1,1,1.40%,5.90%,11,2,14.40%,10.00%,,,47058
8,8.31409419,-75.13794488,Ayapel_T1_T2_T3.pdf,Ayapel_metrics.jpg,Ayapel.zip,Ayapel.jpg,Ayapel_Metrics.jpg,Ayapel.zip,,,,Ayapel.jpg,Ayapel.png,Ayapel,CÓRDOBA,Colombia (Co),"32,448",407,79.8,1987-01-01,2001-07-01,2014-07-01,14.5,13,"11,813","17,702","32,448",2.80%,4.70%,48.44%,49.47%,54.94%,0.00%,0.00%,0.00%,3.99%,3.05%,1.68%,47.57%,47.48%,43.38%,3.00%,4.10%,156,239,407,145,141,141,-0.20%,0.00%,76,74,80,-0.20%,0.60%,0.17,0.18,6.7,5.9,5%,5%,73.60%,91.10%,16.20%,3.50%,2.80%,0.00%,0%,0%,1.2,0.9,0,0,1.2,0.95,1,0.97,0,0,0,0,100.79,199.56,0,-,100.79,199.56,1.2,1.2,177.9,106.4,287.6,-,6%,86%,80%,86%,14%,0%,0%,0%,43,104,2.42,-28.90%,10,30,24.30%,28.80%,12,53,26.80%,51.00%,10,8,23.30%,7.70%,11,13,25.60%,12.50%,,,23068
9,6.224796811,-77.40522296,Bahia_Solano_T1_T2_T3.pdf,Bahia_Solano_metrics.jpg,Bahia_Solano.zip,Bahia_Solano.jpg,Bahia_Solano_Metrics.jpg,Bahia_Solano.zip,,,,Bahia_Solano.jpg,Bahia_Solano.png,Bahía Solano,CHOCÓ,Colombia (Co),"5,571",99,56.17,1991-02-01,1998-01-01,2015-03-01,6.92,17.16,"3,003","3,741","5,571",3.20%,2.30%,54.28%,65.35%,65.15%,0.00%,0.00%,0.00%,9.01%,2.75%,1.91%,36.71%,31.90%,32.94%,9.20%,1.60%,40,75,99,119,73,84,-7.10%,0.80%,75,50,56,-6.00%,0.70%,0.43,0.2,12.7,8.5,4%,16%,14.40%,33.70%,28.00%,25.00%,19.50%,17.50%,34%,8%,2.8,1.9,0,0,2.77,1.93,1,1,0,0,0,0,71.89,136.02,0,-,71.89,136.02,1,1.2,-,-,-,-,66%,57%,34%,57%,0%,0%,0%,0%,26,14,0.55,-19.00%,2,2,5.90%,15.10%,21,12,82.50%,81.80%,0,0,0.00%,3.10%,3,0,11.60%,0.00%,,,27075
10,1.672626,-78.13862,Barbacoas_T1_T2_T3.pdf,Barbacoas_metrics.jpg,Barbacoas.zip,Barbacoas.jpg,Barbacoas_Metrics.jpg,Barbacoas.zip,,,,Barbacoas.jpg,Barbacoas.png,Barbacoas,NARIÑO,Colombia (Co),"22,195",130,170.66,1991-06-01,1998-02-01,2015-06-01,6.67,17.33,"4,206","6,780","22,195",7.20%,6.80%,46.50%,51.45%,55.71%,0.00%,0.00%,0.00%,0.45%,1.33%,0.42%,53.05%,47.22%,43.88%,9.30%,3.20%,40,74,130,225,173,304,-3.90%,3.30%,105,91,171,-2.20%,3.60%,0.09,0.12,4.3,4.1,39%,40%,58.60%,58.50%,1.70%,2.00%,0.30%,0.00%,0%,0%,5.9,3,0,0,5.88,2.96,1,1,0,0,0,0,34.06,73.29,0,-,34.06,73.29,1,1.1,-,-,-,-,75%,30%,12%,30%,14%,0%,0%,0%,20,33,1.65,-17.30%,2,9,12.20%,25.90%,17,20,83.80%,60.20%,1,3,4.10%,7.90%,0,2,0.00%,6.10%,,,52079
11,5.931986445,-73.61687518,Barbosa_T1_T2_T3.pdf,Barbosa_metrics.jpg,Barbosa.zip,BARBOSA.jpg,Barbosa_Metrics.jpg,Barbosa.zip,,,,Barbosa.jpg,Barbosa.png,Barbosa,SANTANDER,Colombia (Co),"22,988",416,55.26,1987-09-01,2002-01-01,2015-01-01,14.34,13,"12,452","17,626","22,988",2.40%,2.00%,20.26%,39.24%,40.52%,31.51%,17.37%,16.59%,2.80%,2.29%,2.08%,45.44%,41.10%,40.80%,3.00%,4.60%,148,228,416,154,132,93,-1.10%,-2.60%,84,77,55,-0.60%,-2.60%,0.26,0.24,8.2,5.5,6%,22%,52.70%,62.30%,25.70%,13.00%,11.50%,3.00%,4%,0%,7.1,4.9,0.78,0.41,6.28,4.45,1,1,1,1,1,1,38.77,78.09,77.96,86.74,47.22,81.82,0.8,2.1,95.9,-,-,-,1%,64%,31%,55%,68%,9%,0%,0%,53,112,2.1,-30.60%,21,28,39.60%,25.20%,16,49,29.50%,43.80%,9,18,17.80%,15.80%,7,17,13.20%,15.20%,,,68077
12,4.570434871,-72.96477215,Barranca_de_Upia_T1_T2_T3.pdf,Barranca_de_Upia_metrics.jpg,Barranca_de_Upia.zip,Barranca_de_Upia.jpg,Barranca_de_Upia_Metrics.jpg,Barranca_de_Upia.zip,,,,Barranca_de_Upia.jpg,Barranca_de_Upia.png,Barranca de Upía,META,Colombia (Co),"4,375",84,51.93,1990-01-01,2000-01-01,2014-02-01,10,14.09,"1,133","2,019","4,375",5.80%,5.50%,28.83%,37.12%,37.07%,0.00%,0.00%,0.00%,5.11%,0.61%,3.74%,66.07%,62.27%,59.19%,6.80%,2.50%,30,59,84,111,90,127,-2.10%,2.50%,38,34,52,-1.10%,3.00%,0.2,0.17,9.7,9.8,3%,3%,24.50%,30.70%,54.00%,53.10%,13.50%,5.60%,5%,8%,12.4,9.5,2.3,1.87,10.11,7.64,1,1,1,1,1,1,6.62,20.73,63.53,114.41,17.48,28.41,0.8,0.8,-,-,-,-,0%,93%,7%,36%,93%,57%,0%,0%,12,11,0.93,-17.70%,3,4,23.70%,34.90%,8,2,68.10%,18.20%,0,4,0.00%,38.10%,1,1,8.20%,8.80%,,,50110
13,7.060594149,-73.87248971,Barrancabermeja_T1_T2_T3.pdf,Barrancabermeja_metrics.jpg,Barrancabermeja.zip,Barrancabermeja.jpg,Barrancabermeja_Metrics.jpg,Barrancabermeja.zip,,,,Barrancabermeja.jpg,Barrancabermeja.png,Barrancabermeja,SANTANDER,Colombia (Co),"172,167","2,858",60.24,1991-06-01,2001-01-01,2015-01-01,9.59,14,"147,802","164,761","172,167",1.10%,0.30%,49.26%,55.28%,59.05%,17.61%,13.89%,10.35%,1.49%,0.81%,0.84%,31.65%,30.02%,29.75%,1.30%,1.20%,"2,145","2,420","2,858",101,97,86,-0.40%,-0.90%,69,68,60,-0.10%,-0.90%,0.24,0.22,9.1,6.8,8%,14%,34.30%,52.90%,39.70%,26.60%,9.50%,4.60%,9%,2%,1.9,1.8,0.7,0.58,1.2,1.18,0.95,0.94,0.88,0.81,0.88,0.81,205.62,211.74,269.77,336.75,265.73,263.6,2.7,7.5,91,66.3,170,77.3,11%,46%,28%,43%,55%,2%,6%,1%,227,313,1.38,-38.80%,107,129,47.30%,41.10%,60,132,26.30%,42.20%,31,26,13.60%,8.20%,29,27,12.80%,8.60%,,,68081
14,3.889646222,-77.07696586,Buenaventura_T1_T2_T3.pdf,Buenaventura_metrics.jpg,Buenaventura.zip,Buenaventura.jpg,Buenaventura_Metrics.jpg,Buenaventura.zip,,,,Buenaventura.jpg,Buenaventura.png,Buenaventura,VALLE DEL CAUCA,Colombia (Co),"361,432","2,225",162.48,1989-11-01,1998-08-01,2015-06-01,8.75,16.83,"179,647","240,587","361,432",3.30%,2.40%,35.61%,53.73%,62.49%,23.98%,15.44%,11.77%,1.04%,0.73%,0.85%,39.37%,30.10%,24.89%,2.20%,1.20%,"1,512","1,830","2,225",196,188,216,-0.50%,0.80%,119,131,162,1.20%,1.30%,0.17,0.16,7.8,5.6,12%,19%,50.80%,64.50%,25.70%,14.20%,4.00%,2.10%,7%,0%,2.1,1.7,0.87,0.76,1.18,0.96,0.98,0.97,0.87,0.8,0.87,0.8,152.73,190.94,318.63,371.16,293.58,345.09,2.1,3.9,156,-,265.5,-,23%,33%,56%,33%,21%,0%,0%,0%,362,391,1.08,-35.00%,202,170,55.80%,43.60%,91,156,25.10%,39.90%,42,42,11.70%,10.70%,27,23,7.50%,5.90%,,,76109
15,4.210767,-76.155861,Bugalagrande_T1_T2_T3.pdf,Bugalagrande_metrics.jpg,Bugalagrande.zip,Bugalagrande.jpg,Bugalagrande_Metrics.jpg,Bugalagrande.zip,,,,Bugalagrande.jpg,Bugalagrande.png,Bugalagrande,VALLE DEL CAUCA,Colombia (Co),"10,866",165,65.72,1986-09-01,1998-05-01,2016-07-01,11.66,18.17,"7,130","9,271","10,866",2.30%,0.90%,1.58%,8.95%,21.50%,51.26%,38.49%,28.47%,4.94%,4.44%,4.41%,42.22%,48.12%,45.62%,2.80%,1.20%,97,134,165,128,134,121,0.40%,-0.60%,74,69,66,-0.50%,-0.30%,0.08,0.1,3.7,5.8,61%,28%,39.00%,58.50%,0.00%,2.10%,0.00%,5.60%,0%,6%,3,3.2,0.25,0.75,2.8,2.41,1,1,0.75,0.73,0.75,0.73,110.96,104.76,479.63,417.23,112.07,114.98,1,1.7,-,-,-,-,0%,100%,7%,54%,93%,46%,0%,0%,13,20,1.55,-14.00%,0,9,0.00%,45.80%,9,5,74.30%,22.90%,0,1,2.10%,5.90%,3,5,23.60%,25.40%,,,76113
16,6.721728,-75.906037,Buritica_T1_T2_T3.pdf,Buritica_metrics.jpg,Buritica.zip,Buritica.jpg,Buritica_Metrics.jpg,Buritica.zip,,,,Buritica.jpg,Buritica.png,Buriticá,ANTIOQUIA,Colombia (Co),"4,106",91,45.08,1989-07-01,2000-07-01,2015-12-01,11,15.42,"1,946","1,879","4,106",-0.30%,5.10%,29.20%,29.52%,27.96%,0.00%,0.00%,0.00%,0.00%,0.00%,0.99%,70.80%,70.48%,71.05%,2.10%,7.60%,23,28,91,296,224,156,-2.50%,-2.40%,87,66,45,-2.40%,-2.50%,0.17,0.43,3.4,2.9,63%,84%,36.50%,15.50%,1.00%,0.00%,0.00%,0.00%,0%,0%,6.6,2.8,0,0,6.59,2.78,1,1,0,0,0,0,12.19,26.78,0,-,12.19,26.78,1.2,4.7,-,-,-,-,92%,0%,0%,0%,8%,0%,0%,0%,3,17,6.24,-6.70%,0,1,16.10%,5.70%,1,9,48.20%,49.50%,0,8,0.00%,44.80%,1,0,35.70%,0.00%,,,5113
17,4.287995302,-72.79019208,Cabuyaro_T1_T2_T3.pdf,Cabuyaro_metrics.jpg,Cabuyaro.zip,Cabuyaro.jpg,Cabuyaro_Metrics.jpg,Cabuyaro.zip,,,,Cabuyaro.jpg,Cabuyaro.png,Cabuyaro,META,Colombia (Co),"2,516",62,40.81,1990-01-01,2000-01-01,2014-02-01,10,14.09,"1,012","1,410","2,516",3.30%,4.10%,35.89%,43.48%,46.57%,0.00%,0.00%,0.00%,0.00%,0.40%,1.46%,80.27%,79.84%,86.28%,3.30%,2.20%,33,46,62,91,77,94,-1.70%,1.50%,31,31,41,0.10%,2.00%,0.23,0.44,10,7.7,0%,6%,25.20%,50.30%,55.90%,40.90%,13.60%,2.40%,5%,0%,11.2,8.8,0,0,11.19,8.76,1,1,0,0,0,0,13.85,19.72,0,-,13.85,19.72,1.1,1.6,241.9,286.5,249.4,219.3,1%,74%,87%,61%,12%,7%,0%,6%,8,9,1.2,-14.40%,2,2,25.00%,18.80%,6,7,75.00%,73.30%,0,1,0.00%,7.90%,0,0,0.00%,0.00%,,,50124
18,8.792499347,-75.11635464,Caimito_T1_T2_T3.pdf,Caimito_metrics.jpg,Caimito.zip,Caimito.jpg,Caimito_Metrics.jpg,Caimito.zip,,,,Caimito.jpg,Caimito.png,Caimito,SUCRE,Colombia (Co),"3,567",126,28.35,1987-01-01,2001-07-01,2014-07-01,14.5,13,"2,483","2,884","3,567",1.00%,1.60%,27.49%,32.60%,37.41%,0.00%,0.00%,0.00%,0.77%,0.96%,0.57%,71.74%,66.44%,62.02%,0.90%,2.30%,82,94,126,107,92,75,-1.10%,-1.60%,30,31,28,0.10%,-0.60%,0.17,0.14,6.3,6,4%,5%,80.80%,84.10%,15.60%,10.40%,0.10%,0.10%,0%,0%,3.6,2.8,0,0,3.56,2.78,1,1,0,0,0,0,47.51,103.74,0,-,47.51,103.74,1.2,1.2,317.9,-,-,-,0%,91%,100%,91%,0%,0%,0%,0%,7,16,2.14,-15.50%,5,6,63.90%,37.20%,3,8,36.10%,48.50%,0,0,0.00%,1.70%,0,2,0.00%,12.50%,,,70124
19,10.459745,-74.880969,Candelaria_T1_T2_T3.pdf,Candelaria_metrics.jpg,Candelaria.zip,Candelaria.jpg,Candelaria_Metrics.jpg,Candelaria.zip,,,,Candelaria.jpg,Candelaria.png,Candelaria,ATLÁNTICO,Colombia (Co),"9,332",126,74.06,1990-01-01,2000-05-01,2013-04-01,10.33,12.92,"7,050","7,848","9,332",1.00%,1.30%,8.49%,29.40%,32.57%,52.15%,34.29%,30.86%,3.30%,2.87%,2.71%,36.06%,33.44%,33.86%,2.40%,0.60%,90,116,126,122,102,112,-1.80%,0.80%,78,68,74,-1.40%,0.70%,0.21,0.27,8,7.3,5%,2%,49.10%,59.10%,39.10%,38.30%,4.00%,0.40%,3%,0%,4,3.4,0,0,4.04,3.43,1,1,0,0,0,0,54.77,84.94,0,-,54.77,84.94,0.6,0.8,270.5,218.2,-,-,2%,88%,98%,88%,0%,0%,0%,0%,19,5,0.28,-22.90%,3,1,14.90%,18.00%,15,4,79.90%,80.30%,0,0,0.00%,1.60%,1,0,5.20%,0.00%,,,8141
20,5.349147,-73.901414,Carmen_De_Carupa_T1_T2_T3.pdf,Carmen_De_Carupa_metrics.jpg,Carmen_De_Carupa.zip,Carmen_De_Carupa.jpg,Carmen_De_Carupa_Metrics.jpg,Carmen_De_Carupa.zip,,,,Carmen_De_Carupa.jpg,Carmen_De_Carupa.png,Carmen de Carupa,CUNDINAMARCA,Colombia (Co),"3,705",91,40.56,1991-03-01,2001-01-01,2016-11-01,9.84,15.83,"1,573","2,022","3,705",2.60%,3.80%,33.60%,52.84%,59.80%,0.00%,0.00%,0.00%,3.23%,2.90%,4.93%,104.03%,207.33%,183.55%,6.80%,2.10%,33,65,91,171,121,110,-3.50%,-0.60%,47,31,41,-4.20%,1.70%,0.17,0.25,6.2,6,2%,16%,83.30%,64.00%,14.20%,18.40%,0.40%,1.70%,0%,0%,4.4,3.9,0,0,4.4,3.93,1,1,0,0,0,0,64.67,67.55,0,-,64.67,67.55,2.2,2.3,-,-,-,-,0%,82%,100%,82%,0%,0%,0%,0%,23,22,0.96,-19.80%,3,11,10.90%,49.30%,11,7,49.10%,30.60%,2,1,9.70%,6.50%,7,3,30.30%,13.60%,,,25154
21,10.4218824,-75.54031375,Cartagena_T1_T2_T3.pdf,Cartagena_metrics.jpg,Cartagena.zip,Cartagena.jpg,Cartagena_Metrics.jpg,Cartagena.zip,,,,Cartagena.jpg,Cartagena.png,Cartagena,BOLÍVAR,Colombia (Co),"1,118,374","8,640",129.45,1991-07-01,2001-02-01,2015-01-01,9.59,13.91,"583,676","752,896","1,118,374",2.70%,2.80%,69.41%,72.69%,76.57%,11.46%,7.17%,6.24%,0.84%,0.63%,0.39%,18.28%,19.52%,16.80%,4.20%,1.50%,"4,677","6,998","8,640",153,134,156,-1.40%,1.10%,125,108,129,-1.50%,1.30%,0.2,0.18,7.6,6.7,16%,21%,49.60%,48.90%,23.70%,20.60%,4.10%,6.10%,6%,3%,2.6,2,0.76,0.57,1.88,1.45,0.97,0.88,0.64,0.56,0.64,0.56,157.08,266.19,524.48,642.04,254.67,393.69,1.5,3.9,164.3,62.4,186,244.2,1%,57%,49%,40%,48%,9%,2%,8%,"1,810",1555,0.86,-53.90%,326,384,18.00%,24.70%,806,792,44.50%,50.90%,31,206,1.70%,13.20%,647,173,35.70%,11.10%,,,13001
22,4.750905931,-75.9164515,Cartago_T1_T2_T3.pdf,Cartago_metrics.jpg,Cartago.zip,Cartago.jpg,Cartago_Metrics.jpg,Cartago.zip,,,,Cartago.jpg,Cartago.png,Cartago,VALLE DEL CAUCA,Colombia (Co),"123,480","1,317",93.78,1989-08-01,2002-07-01,2014-07-01,12.91,12,"76,652","110,995","123,480",2.90%,0.90%,51.11%,44.15%,51.91%,14.60%,20.39%,16.10%,1.92%,1.75%,1.31%,32.37%,33.71%,30.68%,3.20%,0.70%,801,"1,210","1,317",141,138,135,-0.20%,-0.20%,96,92,94,-0.30%,0.20%,0.21,0.18,8,7,11%,15%,50.80%,54.30%,24.30%,22.40%,7.60%,3.10%,7%,5%,1.8,1.7,0.85,0.99,0.99,0.68,0.92,0.91,0.68,0.75,0.68,0.75,239.25,253.39,450.73,391.28,319.42,391.66,2.1,4,59.8,-,99,-,14%,85%,8%,9%,74%,59%,4%,17%,259,110,0.43,-46.30%,71,45,27.20%,40.90%,43,55,16.60%,49.90%,20,1,7.60%,1.10%,126,9,48.60%,8.20%,,,76147
23,9.257268,-73.812989,Chimichagua_T1_T2_T3.pdf,Chimichagua_metrics.jpg,Chimichagua.zip,Chimichagua.jpg,Chimichagua_Metrics.jpg,Chimichagua.zip,,,,Chimichagua.jpg,Chimichagua.png,Chimichagua,CESAR,Colombia (Co),"13,657",251,54.43,1989-12-01,2000-08-01,2015-06-01,10.67,14.83,"9,935","12,201","13,657",1.90%,0.80%,13.28%,37.58%,43.90%,35.45%,21.28%,17.00%,3.04%,1.26%,2.08%,48.23%,39.88%,37.02%,2.80%,1.00%,160,215,251,120,94,86,-2.20%,-0.60%,62,57,54,-0.80%,-0.30%,0.15,0.3,5.2,3.7,21%,59%,73.00%,40.10%,5.90%,1.30%,0.40%,0.00%,0%,0%,2.9,2.8,0,0.03,2.88,2.75,1,1,0,1,0,1,95.05,96.53,0,30,95.05,96.6,0.8,2.1,95.8,-,-,-,2%,95%,98%,95%,0%,0%,0%,0%,46,28,0.62,-25.80%,25,11,54.00%,38.30%,17,17,37.90%,59.80%,1,1,1.60%,1.90%,3,0,6.50%,0.00%,,,20175
24,7.609617997,-72.59883758,Chinacota_T1_T2_T3.pdf,Chinacota_metrics.jpg,Chinacota.zip,Chinacota.jpg,Chinacota_Metrics.jpg,Chinacota.zip,,,,Chinacota.jpg,Chinacota.png,Chinácota,NORTE DE SANTANDER,Colombia (Co),"9,966",176,56.7,1991-05-01,2001-01-01,2015-01-01,9.67,14,"5,673","6,766","9,966",1.80%,2.80%,0.00%,0.00%,5.73%,44.52%,48.49%,39.89%,7.53%,3.80%,3.38%,47.95%,47.71%,51.00%,5.80%,4.60%,53,92,176,207,140,116,-4.00%,-1.40%,108,73,57,-4.00%,-1.80%,0.16,0.18,6.7,6.6,4%,8%,77.50%,66.40%,18.10%,25.10%,0.10%,0.70%,1%,0%,5.6,4,0,0,5.61,3.97,1,1,0,0,0,0,38.36,80.6,0,-,38.36,80.6,1.4,1.4,-,82.8,185.9,233.3,19%,76%,17%,28%,64%,47%,0%,1%,20,37,1.81,-21.50%,2,3,9.80%,9.30%,13,18,62.10%,49.20%,2,3,8.40%,8.80%,4,12,19.70%,32.70%,,,54172
25,4.983496863,-75.60607142,Chinchina_T1_T2_T3.pdf,Chinchina_metrics.jpg,Chinchina.zip,Chinchina.jpg,Chinchina_Metrics.jpg,Chinchina.zip,,,,Chinchina.jpg,Chinchina.png,Chinchiná,CALDAS,Colombia (Co),"42,456",293,144.88,1989-08-01,2002-07-01,2014-07-01,12.91,12,"41,107","42,483","42,456",0.30%,0.00%,60.19%,62.19%,61.61%,0.00%,0.00%,0.00%,1.73%,1.32%,1.38%,38.08%,36.49%,37.01%,1.40%,0.40%,234,279,293,284,240,230,-1.30%,-0.30%,176,152,145,-1.10%,-0.40%,0.18,0.12,6.8,6.5,13%,14%,58.00%,62.70%,23.00%,11.50%,4.70%,7.50%,1%,4%,2.5,2.6,0,0,2.45,2.59,1,0.99,0,0,0,0,113.55,138.88,0,-,113.55,138.88,0.8,6,50.3,-,81.4,-,11%,40%,5%,13%,83%,26%,1%,0%,32,7,0.22,-28.90%,13,4,41.10%,51.20%,14,2,43.30%,25.60%,2,1,6.20%,9.00%,3,1,9.40%,14.20%,,,17174
26,4.620181539,-75.63419783,Circasia_T1_T2_T3.pdf,Circasia_metrics.jpg,Circasia.zip,Circasia.jpg,Circasia_Metrics.jpg,Circasia.zip,,,,Circasia.jpg,Circasia.png,Circasia,QUINDÍO,Colombia (Co),"25,047",237,105.78,1989-08-01,2000-08-01,2014-08-01,11,14,"10,064","19,294","25,047",5.90%,1.90%,0.00%,25.76%,30.67%,44.32%,26.44%,21.82%,4.71%,2.07%,1.75%,50.97%,45.73%,45.76%,6.80%,1.70%,88,187,237,233,191,195,-1.80%,0.20%,114,103,106,-0.90%,0.20%,0.14,0.29,5.4,6.7,13%,10%,83.10%,67.80%,3.70%,15.10%,0.00%,0.30%,0%,7%,3.1,2.2,0,0.03,3.09,2.15,1,1,0.31,0.44,0.31,0.44,110.56,172.2,724.62,654.45,65.1,100,3,7,-,-,-,-,5%,68%,37%,2%,58%,47%,0%,19%,58,27,0.46,-29.00%,13,7,21.70%,27.60%,25,16,43.90%,59.90%,4,0,6.80%,1.30%,16,3,27.60%,11.20%,,,63190
27,6.345788695,-75.50876227,Copacabana_T1_T2_T3.pdf,Copacabana_metrics.jpg,Copacabana.zip,Copacabana.jpg,Copacabana_Metrics.jpg,Copacabana.zip,,,,Copacabana.jpg,Copacabana.png,Copacabana,ANTIOQUIA,Colombia (Co),"43,905",567,77.43,1991-08-01,2000-08-01,2015-01-01,9,14.42,"18,431","32,213","43,905",6.20%,2.10%,19.88%,24.79%,26.65%,28.78%,24.83%,22.19%,3.23%,2.62%,2.21%,48.11%,47.76%,48.95%,5.80%,2.10%,248,416,567,143,148,152,0.40%,0.20%,74,77,77,0.40%,0.00%,0.22,0.16,7.3,5.8,16%,25%,62.20%,59.70%,14.40%,9.10%,1.00%,3.40%,7%,3%,2.6,1.3,0.57,0.58,2.01,0.72,1,0.89,0.54,0.62,0.54,0.62,118.48,271.07,550.23,493.6,170.11,300.35,1.2,9,-,-,105.1,460,18%,45%,6%,15%,76%,30%,0%,0%,89,72,0.81,-31.10%,22,22,24.30%,30.70%,16,15,18.60%,21.50%,14,9,15.30%,12.80%,37,25,41.80%,35.00%,,,5212
28,3.174270619,-76.26001163,Corinto_T1_T2_T3.pdf,Corinto_metrics.jpg,Corinto.zip,Corinto.jpg,Corinto_Metrics.jpg,Corinto.zip,,,,Corinto.jpg,Corinto.png,Corinto,CAUCA,Colombia (Co),"13,379",171,78.12,1989-08-01,1999-07-01,2015-12-01,9.91,16.42,"11,527","12,046","13,379",0.40%,0.60%,8.08%,21.79%,33.11%,44.67%,36.17%,27.22%,2.84%,2.79%,3.10%,44.42%,39.25%,36.57%,1.60%,2.00%,105,123,171,198,162,123,-2.00%,-1.70%,110,98,78,-1.10%,-1.40%,0.2,0.18,8.3,4.8,2%,40%,40.40%,30.00%,56.60%,28.70%,1.40%,1.00%,0%,0%,3.1,1.8,0,0,3.09,1.81,1,1,0,0,0,0,103.34,114.74,0,-,103.34,114.74,1,2,-,-,-,-,0%,70%,3%,42%,97%,24%,0%,4%,16,33,2.07,-16.90%,9,5,54.10%,13.50%,4,28,25.10%,83.30%,0,0,2.20%,0.30%,3,1,18.60%,3.00%,,,19212
29,9.315567034,-75.29263812,Corozal_T1_T2_T3.pdf,Corozal_metrics.jpg,Corozal.zip,Corozal.jpg,Corozal_Metrics.jpg,Corozal.zip,,,,Corozal.jpg,Corozal.png,Corozal,SUCRE,Colombia (Co),"72,177",893,80.82,1987-01-01,2001-07-01,2014-07-01,14.5,13,"48,663","47,694","72,177",-0.10%,3.20%,49.61%,45.31%,35.65%,14.23%,18.86%,23.65%,1.71%,2.34%,1.93%,34.45%,33.49%,38.76%,3.00%,3.30%,378,582,893,196,123,132,-3.20%,0.50%,129,82,81,-3.10%,-0.10%,0.23,0.22,7,4.9,11%,40%,55.10%,50.50%,28.90%,7.20%,3.40%,0.60%,2%,2%,3.1,2.5,0.11,0.21,3.04,2.29,1,1,1,1,1,1,98.31,126.21,115,148.94,98.45,151.12,1.1,2.1,121.1,143.8,128.6,-,0%,52%,69%,38%,31%,2%,0%,11%,138,160,1.16,-37.90%,29,26,20.70%,16.20%,67,42,48.70%,26.30%,5,25,3.80%,15.50%,37,67,26.80%,42.00%,,,70215
30,4.444384,-69.7987,Cumaribo_T1_T2_T3.pdf,Cumaribo_metrics.jpg,Cumaribo.zip,Cumaribo.jpg,Cumaribo_Metrics.jpg,Cumaribo.zip,,,,Cumaribo.jpg,Cumaribo.png,Cumaribo,VICHADA,Colombia (Co),"31,110",108,288.54,1988-01-13,2002-01-11,2014-01-28,14,12.05,942,"15,194","31,110",19.90%,5.90%,25.30%,45.38%,54.67%,0.00%,0.00%,0.00%,0.00%,0.00%,0.00%,74.70%,54.62%,45.33%,7.90%,1.50%,30,90,108,126,373,528,7.80%,2.90%,32,169,289,11.90%,4.40%,0.25,0.21,8.7,5.5,13%,37%,28.10%,33.20%,31.60%,22.50%,19.70%,6.50%,8%,0%,4.7,2.6,1.79,0.82,2.91,1.76,1,1,1,1,1,1,43.46,86.72,0,0,89.5,108.06,1.1,1.2,-,-,-,-,13%,50%,87%,50%,0%,0%,0%,0%,37,20,0.54,-30.00%,2,10,5.10%,48.40%,31,8,83.70%,41.70%,0,0,0.50%,0.00%,4,2,10.70%,9.90%,,,99773
31,5.828052994,-73.03448648,Duitama_T1_T2_T3.pdf,Duitama_metrics.jpg,Duitama.zip,Duitama.jpg,Duitama_Metrics.jpg,Duitama.zip,,,,Duitama.jpg,Duitama.png,Duitama,BOYACÁ,Colombia (Co),"87,337","1,641",53.21,1989-12-01,2002-01-01,2014-12-01,12.08,12.91,"51,234","81,467","87,337",3.80%,0.50%,36.43%,46.43%,49.86%,18.26%,13.81%,12.84%,1.75%,1.22%,1.17%,43.56%,38.54%,36.14%,3.50%,0.20%,"1,047","1,596","1,641",87,83,83,-0.40%,0.00%,49,51,53,0.30%,0.30%,0.24,0.22,8.3,7,11%,15%,47.40%,61.60%,28.40%,17.90%,4.50%,0.50%,9%,5%,2.1,1.8,1.47,1.07,0.59,0.69,1,0.96,0.99,0.95,0.99,0.95,134.71,188.76,177.67,226.66,498.08,522.16,2.9,6.4,213.3,-,122.5,86.7,22%,18%,18%,2%,53%,13%,7%,3%,390,67,0.17,-46.20%,155,48,39.70%,71.70%,124,14,31.80%,21.50%,50,1,12.70%,0.80%,62,4,15.90%,6.00%,,,15238
32,2.478989,-78.110155,El_Charco_T1_T2_T3.pdf,El_Charco_metrics.jpg,El_Charco.zip,El_Charco.jpg,El_Charco_Metrics.jpg,El_Charco.zip,,,,El_Charco.jpg,El_Charco.png,El Charco,NARIÑO,Colombia (Co),"16,081",117,137.13,1991-06-01,1998-02-01,2015-06-01,6.67,17.33,"3,839","5,147","16,081",4.40%,6.60%,33.61%,41.79%,53.72%,0.00%,0.00%,0.00%,2.48%,0.00%,1.07%,63.91%,58.21%,45.20%,6.20%,5.00%,33,49,117,326,250,250,-4.00%,0.00%,118,104,137,-1.80%,1.60%,0.09,0.18,3.5,3.2,65%,47%,35.10%,52.70%,0.00%,0.00%,0.00%,0.00%,0%,0%,9.4,3,0,0,9.36,3.03,1,1,0,0,0,0,17.19,72.61,0,-,17.19,72.61,0.6,0.6,-,-,-,-,32%,50%,54%,28%,14%,22%,0%,0%,16,43,2.74,-15.90%,2,5,13.10%,12.70%,7,33,42.70%,76.30%,0,3,0.00%,6.40%,7,2,44.20%,4.60%,,,52250
33,1.614687656,-75.61393993,Florencia_T1_T2_T3.pdf,Florencia_metrics.jpg,Florencia.zip,Florencia.jpg,Florencia_Metrics.jpg,Florencia.zip,,,,Florencia.jpg,Florencia.png,Florencia,CAQUETÁ,Colombia (Co),"135,124","1,256",107.62,1989-12-01,2000-02-01,2013-09-01,10.17,13.58,"75,197","101,235","135,124",2.90%,2.10%,46.02%,50.83%,59.95%,17.52%,16.73%,12.00%,1.94%,1.79%,0.91%,34.52%,30.64%,27.14%,2.80%,2.20%,702,928,"1,256",164,157,148,-0.40%,-0.50%,107,109,108,0.20%,-0.10%,0.2,0.21,7.5,6,10%,8%,55.50%,80.40%,24.30%,10.70%,6.10%,0.40%,4%,0%,1.8,1.5,0,0,1.82,1.54,0.97,0.94,0,0,0,0,198.31,229.71,0,-,198.31,229.71,1.1,1,-,111.5,140.2,-,7%,83%,36%,78%,57%,1%,0%,5%,184,270,1.47,-38.40%,52,71,28.20%,26.40%,79,129,43.10%,47.80%,32,47,17.20%,17.30%,21,23,11.40%,8.50%,,,18001
34,2.064482,-78.611511,Francisco_Pizarro_T1_T2_T3.pdf,Francisco_Pizarro_metrics.jpg,Francisco_Pizarro.zip,Francisco_Pizarro.jpg,Francisco_Pizarro_Metrics.jpg,Francisco_Pizarro.zip,,,,Francisco_Pizarro.jpg,Francisco_Pizarro.png,Francisco Pizarro,NARIÑO,Colombia (Co),"20,910",96,218.77,1991-06-01,1998-02-01,2015-06-01,6.67,17.33,"4,721","10,874","20,910",12.50%,3.80%,40.53%,42.89%,51.04%,0.00%,0.00%,0.00%,0.44%,1.03%,2.45%,59.03%,56.08%,46.52%,5.30%,0.50%,61,87,96,188,284,409,6.20%,2.10%,77,125,219,7.20%,3.30%,0.18,0.21,5.9,5.9,4%,4%,86.80%,89.60%,8.70%,6.60%,0.00%,0.00%,0%,0%,5.5,3.2,0,0,5.47,3.15,1,1,0,0,0,0,35.83,57.64,0,#DIV/0!,35.83,57.64,0.4,0.4,-,-,-,-,0%,100%,67%,31%,33%,69%,0%,0%,13,12,0.94,-14.80%,5,6,42.00%,47.40%,5,4,35.80%,31.40%,2,2,14.50%,13.10%,1,1,7.70%,8.10%,,,52520
35,5.083415,-73.364681,Garagoa_T1_T2_T3.pdf,Garagoa_metrics.jpg,Garagoa.zip,Garagoa.jpg,Garagoa_Metrics.jpg,Garagoa.zip,,,,Garagoa.jpg,Garagoa.png,Garagoa,BOYACÁ,Colombia (Co),"15,122",221,68.33,1989-12-01,2000-12-01,2016-02-01,11,15.17,"8,465","11,492","15,122",2.80%,1.80%,25.70%,33.83%,39.04%,29.62%,20.06%,18.75%,1.03%,1.81%,1.67%,43.64%,44.31%,40.54%,3.30%,1.00%,131,189,221,115,109,115,-0.40%,0.30%,65,61,68,-0.60%,0.80%,0.18,0.26,5.8,4.8,17%,37%,72.90%,54.70%,6.70%,8.30%,1.20%,0.00%,2%,0%,3.1,2.6,0,0,3.08,2.62,1,1,0,0,0,0,81.68,108.46,0,-,81.68,108.46,0.8,1.3,-,-,-,-,0%,92%,46%,76%,54%,16%,0%,0%,31,26,0.83,-22.70%,9,12,29.40%,44.60%,17,11,55.60%,43.90%,2,0,5.50%,0.00%,3,3,9.60%,11.50%,,,15299
36,7.067661157,-73.16896175,Giron_T1_T2_T3.pdf,Giron_metrics.jpg,Giron.zip,Giron.jpg,Giron_Metrics.jpg,Giron.zip,,,,Giron.jpg,Giron.png,Girón,SANTANDER,Colombia (Co),"183,537","1,003",183.06,1991-06-01,2001-01-01,2015-01-01,9.59,14,"61,865","98,429","183,537",4.80%,4.50%,32.25%,43.08%,53.14%,28.37%,21.79%,15.37%,1.60%,0.89%,1.18%,37.78%,34.24%,30.31%,3.80%,1.60%,556,799,"1,003",179,187,263,0.50%,2.40%,111,123,183,1.10%,2.80%,0.22,0.28,7.3,6.2,26%,40%,46.10%,36.00%,10.20%,12.90%,4.70%,3.50%,13%,8%,3.3,2.5,1.24,0.98,2.05,1.54,1,0.97,0.96,0.92,0.96,0.92,94.65,161.65,216.27,249.84,297.13,395.35,3.1,4.3,58.9,61.3,82.9,-,8%,78%,29%,27%,56%,15%,7%,36%,179,173,0.97,-37.00%,18,35,10.20%,20.20%,139,115,77.80%,66.30%,4,5,2.00%,3.10%,18,18,10.10%,10.40%,,,68307
37,3.54256,-73.705067,Granada_T1_T2_T3.pdf,Granada_metrics.jpg,Granada.zip,Granada.jpg,Granada_Metrics.jpg,Granada.zip,,,,Granada.jpg,Granada.png,Granada,META,Colombia (Co),"52,536",712,73.8,1989-12-01,2001-03-01,2014-01-01,11.25,12.84,"23,087","34,603","52,536",3.60%,3.30%,34.59%,43.11%,49.87%,19.67%,16.15%,14.56%,2.19%,1.97%,1.62%,43.55%,38.77%,33.94%,2.50%,3.30%,353,467,712,116,121,112,0.40%,-0.60%,65,74,74,1.10%,0.00%,0.26,0.25,12.4,6.6,3%,15%,15.70%,59.10%,23.40%,20.00%,35.70%,4.00%,22%,1%,2.4,1.9,0.55,0.48,1.84,1.41,1,0.98,0.9,0.81,0.9,0.81,127.81,189.49,363.76,409.32,139.77,242.41,1.4,1.9,-,99.1,-,-,2%,98%,96%,89%,0%,5%,2%,5%,86,184,2.14,-34.70%,34,49,39.70%,26.80%,38,112,44.20%,60.80%,4,11,4.50%,5.80%,10,12,11.60%,6.50%,,,50313
38,2.570045559,-77.88325466,Guapi_T1_T2_T3.pdf,Guapi_metrics.jpg,Guapi.zip,Guapi.jpg,Guapi_Metrics.jpg,Guapi.zip,,,,Guapi.png,Guapi.png,Guapi,CAUCA,Colombia (Co),"24,128",190,127.06,1991-06-01,1998-02-01,2015-06-01,6.67,17.33,"8,207","12,275","24,128",6.00%,3.90%,0.00%,4.51%,34.98%,53.67%,48.12%,27.35%,6.59%,2.84%,2.84%,39.74%,44.53%,34.83%,12.20%,3.30%,48,108,190,285,205,195,-4.90%,-0.30%,172,114,127,-6.10%,0.60%,0.19,0.06,6.6,5.4,5%,21%,75.30%,65.80%,18.70%,13.50%,0.40%,0.00%,0%,0%,3.8,1.7,0,0,3.78,1.69,1,1,0,0,0,0,67.15,97.32,0,-,67.15,97.32,0.5,0.9,-,267.1,-,261.4,9%,83%,76%,81%,15%,2%,0%,0%,30,63,2.1,-19.60%,4,18,11.70%,28.30%,13,21,42.60%,33.90%,8,13,25.80%,20.40%,6,11,20.00%,17.40%,,,19318
39,8.470538046,-74.53573145,Guaranda_T1_T2_T3.pdf,Guaranda_metrics.jpg,Guaranda.zip,Guaranda.jpg,Guaranda_Metrics.jpg,Guaranda.zip,,,,Guaranda.jpg,Guaranda.png,Guaranda,SUCRE,Colombia (Co),"7,757",65,119.21,1987-01-01,2001-07-01,2014-07-01,14.5,13,"1,892","5,631","7,757",7.50%,2.50%,0.00%,9.79%,24.48%,42.86%,49.83%,37.21%,26.79%,2.92%,3.04%,30.36%,37.46%,35.27%,6.60%,1.70%,20,52,65,135,172,184,1.70%,0.50%,94,108,119,0.90%,0.80%,0.17,0.16,5.4,4.7,17%,36%,70.50%,57.00%,11.70%,6.30%,0.30%,0.70%,0%,0%,8.6,5.4,0,0,8.58,5.42,1,1,0,0,0,0,32.48,62.95,0,-,32.48,62.95,0.6,0.6,244.5,250.3,-,-,19%,75%,81%,75%,0%,0%,0%,0%,27,27,1.03,-25.30%,2,3,7.80%,10.20%,10,5,38.10%,18.00%,2,1,9.10%,2.60%,12,19,45.00%,69.20%,,,70265
40,0.970052,-77.521024,Iles_T1_T2_T3.pdf,Iles_metrics.jpg,Iles.zip,Iles.jpg,Iles_Metrics.jpg,Iles.zip,,,,Iles.jpg,Iles.png,Iles,NARIÑO,Colombia (Co),"6,172",63,97.97,1987-01-01,1998-02-01,2013-11-01,11.09,15.75,"2,942","4,682","6,172",4.20%,1.80%,24.65%,30.93%,29.29%,0.00%,0.00%,0.00%,0.00%,0.31%,0.71%,75.35%,68.76%,70.00%,3.50%,0.60%,39,57,63,308,261,327,-1.50%,1.40%,76,82,98,0.60%,1.20%,0.21,0.37,6.7,6.8,3%,1%,78.10%,78.60%,17.30%,20.80%,1.00%,0.00%,1%,0%,5,4.3,0,0,4.95,4.31,1,1,0,0,0,0,43.02,48.74,0,-,43.02,48.74,1,0.8,-,-,-,-,8%,45%,36%,25%,56%,21%,0%,0%,11,2,0.18,-15.40%,3,0,24.50%,9.00%,5,1,44.30%,40.70%,1,0,4.70%,0.00%,3,1,26.40%,50.30%,,,52352
41,3.865342936,-67.92671342,Inirida_T1_T2_T3.pdf,Inirida_metrics.jpg,Inirida.zip,Inirida.jpg,Inirida_Metrics.jpg,Inirida.zip,,,,Inirida.jpg,Inirida.jpg,Inírida,GUAINÍA,Colombia (Co),"11,630",395,29.42,1989-12-01,2001-02-01,2015-08-01,11.17,14.49,"5,399","8,306","11,630",3.90%,2.30%,47.38%,52.66%,52.29%,0.00%,0.00%,0.00%,4.02%,1.90%,3.28%,48.60%,45.44%,44.43%,4.20%,1.70%,192,308,395,55,49,53,-0.90%,0.50%,28,27,29,-0.30%,0.60%,0.17,0.14,8.4,5,8%,19%,48.80%,75.30%,29.90%,5.20%,7.60%,0.20%,6%,0%,5.5,3.8,2.72,1.65,2.74,2.14,1,1,1,0.97,1,0.97,60.33,106.7,107.2,169.11,128.56,149.03,1.5,3.5,240.9,324.5,-,-,0%,74%,69%,70%,31%,2%,0%,3%,68,51,0.75,-29.10%,12,15,17.10%,28.70%,41,17,60.30%,32.50%,5,5,7.90%,9.50%,10,15,14.60%,29.30%,,,94001
42,0.8257677354,-77.63960461,Ipiales_T1_T2_T3.pdf,Ipiales_metrics.jpg,Ipiales.zip,Ipiales.jpg,Ipiales_Metrics.jpg,Ipiales.zip,,,,Ipiales.jpg,Ipiales.png,Ipiales,NARIÑO,Colombia (Co),"97,235",978,99.43,1989-11-01,2000-11-01,2015-09-01,11,14.83,"41,790","62,275","97,235",3.60%,3.00%,29.44%,36.31%,38.45%,23.63%,20.27%,21.64%,3.20%,2.20%,1.37%,43.73%,41.22%,38.54%,7.80%,1.00%,358,843,978,208,126,162,-4.60%,1.70%,117,74,99,-4.20%,2.00%,0.21,0.24,8.2,7.2,11%,8%,39.40%,56.00%,35.10%,31.80%,8.80%,4.30%,6%,0%,4.3,3,1.09,0.6,3.19,2.44,1,1,1,0.95,1,0.95,76.81,117.7,168.63,238.29,137.62,147.15,2,3.8,-,92.6,162.8,132.9,0%,41%,4%,9%,95%,11%,1%,22%,294,106,0.36,-38.30%,50,49,17.00%,46.40%,108,29,36.70%,27.30%,78,8,26.60%,7.30%,58,20,19.70%,19.00%,,,52356
43,2.198598,-75.979875,La_Argentina_T1_T2_T3.pdf,La_Argentina_metrics.jpg,La_Argentina.zip,La_Argentina.jpg,La_Argentina_Metrics.jpg,La_Argentina.zip,,,,La_Argentina.jpg,La_Argentina.png,La Argentina,HUILA,Colombia (Co),"5,494",112,49.07,1989-08-01,1999-07-01,2014-09-01,9.91,15.17,"1,929","2,973","5,494",4.40%,4.00%,42.36%,38.51%,41.96%,0.00%,0.00%,0.00%,0.00%,0.12%,0.00%,57.64%,61.37%,58.04%,5.30%,2.70%,44,75,112,103,103,117,0.00%,0.80%,44,40,49,-0.90%,1.40%,0.2,0.23,6.1,3.4,13%,59%,67.10%,38.20%,20.10%,2.90%,0.00%,0.00%,0%,0%,7.5,5,0,0,7.48,5.03,1,1,0,0,0,0,22.89,46.37,0,-,22.89,46.37,0.5,0.5,217.9,105.5,-,-,26%,56%,74%,56%,0%,0%,0%,0%,10,17,1.73,-15.10%,3,6,25.50%,33.20%,7,11,69.10%,66.80%,1,0,5.50%,0.00%,0,0,0.00%,0.00%,,,41378
44,8.617249161,-73.80306831,La_Gloria_T1_T2_T3.pdf,La_Gloria_metrics.jpg,La_Gloria.zip,La_Gloria.jpg,La_Gloria_Metrics.jpg,La_Gloria.zip,,,,La_Gloria.jpg,La_Gloria.png,La Gloria,CESAR,Colombia (Co),"6,546",92,71.31,1991-03-01,2001-01-01,2015-09-01,9.84,14.66,"3,963","5,430","6,546",3.20%,1.30%,47.22%,58.81%,63.33%,0.00%,0.00%,0.00%,0.00%,0.46%,0.39%,52.78%,40.73%,36.27%,5.30%,1.10%,47,79,92,179,116,112,-4.40%,-0.30%,85,69,71,-2.10%,0.20%,0.15,0.22,5.2,5.8,20%,32%,77.10%,43.40%,3.20%,25.00%,0.00%,0.00%,0%,0%,5.5,5.3,0,0,5.47,5.32,1,1,0,0,0,0,37.47,57.84,0,-,37.47,57.84,0.8,4.5,-,153.3,422.2,-,0%,93%,0%,93%,100%,0%,0%,0%,425,33,0.08,-41.30%,6,7,1.50%,21.80%,18,4,4.20%,11.80%,0,0,0.00%,0.50%,401,22,94.20%,65.80%,,,20383
45,5.488767,-70.409201,La_Primavera_T1_T2_T3.pdf,La_Primavera_metrics.jpg,La_Primavera.zip,La_Primavera.jpg,La_Primavera_Metrics.jpg,La_Primavera.zip,,,,La_Primavera.jpg,La_Primavera.png,La Primavera,VICHADA,Colombia (Co),"18,605",312,59.7,1988-01-13,2001-01-08,2014-01-28,12.99,13.05,"1,349","5,702","18,605",11.10%,9.10%,0.00%,2.09%,17.10%,36.59%,40.14%,29.63%,15.18%,3.97%,3.52%,48.23%,53.80%,49.75%,10.40%,4.70%,43,168,312,60,73,119,1.50%,3.70%,31,34,60,0.70%,4.30%,0.22,0.23,10.8,20.4,11%,31%,3.60%,4.20%,38.80%,23.00%,44.90%,26.80%,2%,15%,5.5,3,1.54,0.69,3.93,2.36,1,1,1,0.82,1,0.82,48.49,84.87,106.16,309.23,51.64,87.07,2,3,203.5,-,-,-,0%,88%,100%,88%,0%,0%,0%,0%,55,78,1.43,-30.70%,3,21,5.40%,26.20%,33,15,60.50%,18.80%,8,15,14.10%,19.30%,11,28,20.00%,35.70%,,,99524
46,4.453298371,-75.78901782,La_Tebaida_T1_T2_T3.pdf,La_Tebaida_metrics.jpg,La_Tebaida.zip,La_Tebaida.jpg,La_Tebaida_Metrics.jpg,La_Tebaida.zip,,,,La_Tebaida.jpg,La_Tebaida.png,La Tebaida,QUINDÍO,Colombia (Co),"38,667",232,166.85,1989-08-01,1998-05-01,2014-03-01,8.75,15.83,"16,915","24,970","38,667",4.50%,2.80%,0.00%,21.03%,27.84%,52.54%,31.23%,23.73%,2.83%,3.79%,3.42%,44.63%,43.95%,45.01%,5.40%,2.90%,92,147,232,331,303,303,-1.00%,0.00%,184,170,167,-0.90%,-0.10%,0.21,0.24,6.6,6.4,10%,23%,62.70%,51.60%,26.70%,14.80%,1.10%,7.90%,0%,3%,5.1,4.1,0,0,5.15,4.09,1,1,0,0,0,0,50.74,72.64,0,-,50.74,72.64,0.8,0.8,-,67,87.4,67.7,2%,92%,22%,37%,76%,55%,0%,0%,31,45,1.46,-21.60%,4,6,14.40%,12.50%,16,32,53.90%,72.00%,5,4,15.30%,8.80%,5,3,16.40%,6.70%,,,63401
47,2.399642,-78.18988,La_Tola_T1_T2_T3.pdf,La_Tola_metrics.jpg,La_Tola.zip,La_Tola.jpg,La_Tola_Metrics.jpg,La_Tola.zip,,,,La_Tola.jpg,La_Tola.png,La Tola,NARIÑO,Colombia (Co),"12,289",58,213.35,1991-06-01,1998-02-01,2015-06-01,6.67,17.33,784,"5,694","12,289",29.70%,4.40%,0.28%,44.68%,53.44%,0.00%,0.00%,0.00%,1.41%,0.00%,0.00%,8.19%,51.77%,43.75%,4.50%,1.70%,32,43,58,86,296,399,18.50%,1.70%,25,132,213,25.20%,2.80%,0.21,0.22,10.3,9.3,3%,2%,10.30%,18.00%,55.80%,72.60%,30.90%,7.40%,0%,0%,8.6,5.1,0,0,8.58,5.09,1,1,0,0,0,0,12.28,36.19,0,-,12.28,36.19,0.8,0.7,-,-,-,-,6%,34%,94%,34%,0%,0%,0%,0%,19,13,0.68,-16.80%,0,3,0.00%,26.60%,11,8,56.90%,61.10%,1,1,5.30%,4.30%,7,1,37.80%,8.00%,,,52390
48,-4.218865811,-69.93322888,Leticia_T1_T2_T3.pdf,Leticia_metrics.jpg,Leticia.zip,Leticia.jpg,Leticia_Metrics.jpg,Leticia.zip,,,,Leticia.jpg,Leticia.png,Leticia,AMAZONAS,Colombia (Co),"24,552",598,41.04,1991-09-01,2000-10-01,2015-07-01,9.08,14.75,"18,944","19,868","24,552",0.50%,1.40%,41.74%,42.95%,40.95%,18.03%,18.16%,20.69%,1.63%,1.98%,1.35%,38.61%,36.91%,37.01%,3.90%,2.40%,293,417,598,105,75,65,-3.70%,-1.00%,65,48,41,-3.40%,-1.00%,0.13,0.13,7,4,17%,46%,44.50%,48.80%,26.50%,5.00%,8.50%,0.00%,3%,0%,3.7,2.7,0,0,2.71,1.98,1,1,0,0,0,0,74.4,112.98,0,-,97.07,166.65,2.8,3.7,160.9,-,110.1,-,29%,59%,48%,59%,23%,0%,0%,0%,83,113,1.36,-30.00%,29,28,35.10%,24.50%,28,34,34.00%,29.90%,13,21,15.20%,18.20%,13,31,15.70%,27.40%,,,91001
49,9.226403638,-75.81920017,Lorica_T1_T2_T3.pdf,Lorica_metrics.jpg,Lorica.zip,Lorica.jpg,Lorica_Metrics.jpg,Lorica.zip,,,,Lorica.jpg,Lorica.png,Lorica,CÓRDOBA,Colombia (Co),"52,558",646,81.32,1991-03-01,2001-01-01,2013-12-01,9.84,12.91,"23,875","37,961","52,558",4.70%,2.50%,24.79%,43.50%,45.08%,27.53%,20.77%,19.75%,3.16%,2.44%,1.94%,44.52%,33.29%,33.24%,6.10%,1.90%,276,503,646,156,113,122,-3.30%,0.60%,87,76,81,-1.40%,0.60%,0.19,0.21,6.4,6.2,14%,10%,64.80%,73.00%,14.20%,13.40%,6.70%,1.10%,1%,2%,1.4,1.1,0,0,1.44,1.09,0.91,0.84,0,0,0,0,252.68,335.15,0,-,252.68,335.15,0.8,0.8,227.2,104.4,326.2,-,0%,82%,69%,78%,30%,2%,0%,2%,182,96,0.53,-40.30%,43,28,23.80%,29.40%,104,51,56.90%,53.50%,11,5,6.00%,4.70%,24,12,13.20%,12.50%,,,23417
50,7.842171689,-72.50154993,Los_Patios_T1_T2_T3.pdf,Los_Patios_metrics.jpg,Los_Patios.zip,Los_Patios.jpg,Los_Patios_Metrics.jpg,Los_Patios.zip,,,,Los_Patios.jpg,Los_Patios.png,Los Patios,NORTE DE SANTANDER,Colombia (Co),"88,249","1,142",77.28,1991-05-01,2001-01-01,2015-01-01,9.67,14,"37,293","61,271","88,249",5.10%,2.60%,22.00%,50.06%,53.68%,29.95%,15.40%,12.62%,1.69%,1.36%,1.21%,46.36%,33.18%,32.49%,4.70%,2.40%,522,818,"1,142",133,112,114,-1.80%,0.20%,71,75,77,0.50%,0.20%,0.24,0.23,8.3,5.8,9%,15%,46.30%,75.30%,33.30%,6.60%,6.10%,0.90%,5%,2%,2.5,2.2,1.22,1.41,1.3,0.75,0.99,0.96,0.96,0.94,0.96,0.94,124.24,170.05,255.77,237.96,145.29,182.18,1.8,1.8,189.6,165.1,101.6,204.6,16%,84%,53%,41%,32%,15%,0%,28%,267,224,0.84,-39.90%,91,70,34.10%,31.40%,143,71,53.70%,31.80%,8,7,3.10%,3.30%,24,75,9.00%,33.50%,,,54405
51,9.230106379,-74.74383957,Magangue_T1_T2_T3.pdf,Magangue_metrics.jpg,Magangue.zip,Magangue.jpg,Magangue_Metrics.jpg,Magangue.zip,,,,Magangue.jpg,Magangue.png,Magangué,BOLÍVAR,Colombia (Co),"76,538",855,89.54,1987-01-01,2001-07-01,2014-07-01,14.5,13,"44,123","67,441","76,538",2.90%,1.00%,14.56%,42.83%,54.42%,38.90%,20.39%,14.91%,2.05%,1.44%,1.27%,44.49%,35.34%,29.40%,2.70%,0.60%,536,790,855,148,132,127,-0.80%,-0.30%,82,85,90,0.30%,0.40%,0.21,0.24,7.7,6.7,7%,7%,52.60%,66.60%,30.60%,25.90%,6.90%,0.90%,3%,0%,2,1.5,0.03,0.02,1.95,1.53,0.99,0.93,1,1,1,1,154.4,238.53,12.5,12.5,154.64,238.65,1.2,0.9,182.5,174,176.5,-,0%,94%,96%,94%,4%,0%,0%,0%,213,92,0.43,-41.20%,66,62,30.90%,66.80%,126,20,59.30%,21.60%,4,2,1.80%,1.90%,17,9,8.00%,9.70%,,,13430
52,1.765427,-78.18193,Magui_T1_T2_T3.pdf,Magui_metrics.jpg,Magui.zip,Magui.jpg,Magui_Metrics.jpg,Magui.zip,,,,Magui.jpg,Magui.png,Magüí Payán,NARIÑO,Colombia (Co),"13,457",71,190.48,1991-06-01,1998-02-01,2015-06-01,6.67,17.33,"2,141","3,899","13,457",9.00%,7.10%,34.78%,39.44%,46.62%,0.00%,0.00%,0.00%,0.00%,0.00%,0.00%,65.22%,60.56%,53.38%,5.50%,3.50%,27,39,71,229,255,409,1.60%,2.70%,80,101,190,3.50%,3.70%,0.17,0.15,6.34,6.78,3.50%,19.00%,80.80%,48.70%,15.60%,23.30%,0.10%,6.10%,0.00%,2.80%,5.2,1.8,0,0,5.23,1.82,1,1,0,0,0,0,22.13,33.33,0,-,22.13,33.33,0.6,1.2,110.9,-,-,-,2%,35%,98%,35%,0%,0%,0%,0%,7,18,2.54,-11.20%,1,4,11.70%,19.90%,5,14,73.90%,79.60%,0,0,0.00%,0.50%,1,0,14.40%,0.00%,,,52427
53,11.37791141,-72.23878265,Maicao_T1_T2_T3.pdf,Maicao_metrics.jpg,Maicao.zip,Maicao.jpg,Maicao_Metrics.jpg,Maicao.zip,,,,Maicao.jpg,Maicao.png,Maicao,GUAJIRA,Colombia (Co),"103,542","3,231",32.04,1991-03-01,2001-03-01,2015-03-01,10,14,"76,333","75,178","103,542",-0.20%,2.30%,61.83%,51.14%,55.62%,0.00%,0.00%,0.00%,0.22%,0.24%,0.05%,37.96%,48.62%,44.34%,11.60%,0.70%,920,"2,948","3,231",134,50,58,-9.90%,1.10%,83,25,32,-11.80%,1.60%,0.27,0.29,10.2,5.2,6%,37%,19.10%,43.90%,45.50%,12.30%,21.40%,6.60%,8%,0%,2.7,2,0.46,0.28,2.23,1.73,0.97,0.88,0.98,0.97,0.98,0.97,142.77,262.6,213.96,239.33,168.8,276.46,1.6,1.6,209.2,118.4,-,-,13%,97%,57%,92%,30%,5%,0%,0%,943,283,0.3,-48.90%,132,126,14.00%,44.50%,360,124,38.20%,43.60%,50,12,5.30%,4.10%,401,22,42.50%,7.80%,,,44430
54,8.540461145,-74.63035535,Majagual_T1_T2_T3.pdf,Majagual_metrics.jpg,Majagual.zip,Majagual.jpg,Majagual_Metrics.jpg,Majagual.zip,,,,Majagual.jpg,Majagual.png,Majagual,SUCRE,Colombia (Co),"11,128",164,67.75,1987-01-01,2001-07-01,2014-07-01,14.5,13,"4,887","8,792","11,128",4.10%,1.80%,37.16%,39.79%,46.68%,0.00%,0.00%,0.00%,3.60%,1.27%,1.86%,59.23%,58.95%,51.45%,8.40%,1.50%,40,135,164,300,159,140,-4.40%,-1.00%,122,65,68,-4.30%,0.30%,0.15,0.14,4.6,4.4,38%,46%,56.30%,50.10%,5.40%,3.80%,0.20%,0.00%,0%,0%,8.1,4.1,0,0,8.11,4.11,1,0.99,0,0,0,0,15.99,167.13,0,-,15.99,167.13,0.9,0.9,163.8,150.1,200.6,-,18%,76%,53%,76%,29%,0%,0%,0%,38,24,0.62,-28.00%,4,14,9.40%,59.90%,30,7,78.80%,27.90%,3,2,6.60%,8.00%,2,1,5.20%,4.20%,,,70429
55,6.699979418,-72.73215144,Malaga_T1_T2_T3.pdf,Malaga_metrics.jpg,Malaga.zip,Malaga.jpg,Malaga_Metrics.jpg,Malaga.zip,,,,Malaga.jpg,Malaga.png,Málaga,SANTANDER,Colombia (Co),"14,726",273,53.93,1992-09-01,2000-12-01,2015-01-01,8.25,14.08,"11,476","13,806","14,726",2.20%,0.50%,18.05%,28.80%,30.06%,30.32%,23.36%,22.74%,2.20%,2.47%,2.08%,49.43%,45.37%,45.12%,5.30%,1.10%,151,233,273,150,108,98,-4.00%,-0.70%,76,59,54,-3.00%,-0.70%,0.14,0.14,6.7,6,10%,19%,63.40%,58.20%,24.00%,21.60%,1.40%,1.40%,1%,0%,2.2,1.9,1.74,1.29,0.48,0.58,1,1,1,1,1,1,101.27,120.93,100.92,108.16,195.47,235.83,0.9,1.1,-,72.4,-,-,8%,48%,50%,41%,42%,5%,0%,2%,51,22,0.44,-27.90%,15,8,30.30%,37.20%,15,6,30.10%,29.00%,7,0,13.90%,2.00%,13,7,25.70%,31.80%,,,68432
56,1.257843279,-70.2335538,Mitu_T1_T2_T3.pdf,Mitu_metrics.jpg,Mitu.zip,Mitu.jpg,Mitu_Metrics.jpg,Mitu.zip,,,,Mitu.jpg,Mitu.png,Mitú,VAUPÉS,Colombia (Co),"11,373",244,46.6,1990-09-01,2002-01-01,2016-01-01,11.33,14,"3,250","8,122","11,373",8.10%,2.40%,0.00%,31.22%,34.07%,42.24%,30.09%,29.72%,6.08%,1.50%,1.14%,51.68%,37.19%,35.07%,9.40%,0.10%,83,240,244,81,54,72,-3.60%,2.00%,39,34,47,-1.30%,2.30%,0.17,0.2,7.9,9,3%,2%,43.60%,31.80%,49.40%,58.10%,3.60%,8.10%,0%,0%,4.3,4,0,0,4.34,4.05,1,1,0,0,0,0,73.41,87.69,0,-,73.41,87.69,4.4,15.4,186,-,-,-,6%,85%,94%,85%,0%,0%,0%,0%,110,8,0.07,-33.60%,19,4,16.90%,51.70%,42,0,38.60%,2.30%,31,3,28.10%,33.30%,18,1,16.40%,12.80%,,,97001
57,2.509105,-78.451284,Mosquera_T1_T2_T3.pdf,Mosquera_metrics.jpg,Mosquera.zip,Mosquera.jpg,Mosquera_Metrics.jpg,Mosquera.zip,,,,Mosquera.jpg,Mosquera.png,Mosquera,NARIÑO,Colombia (Co),"8,549",57,150.54,1990-03-01,2001-04-01,2015-06-01,11.09,14.17,"3,486","5,633","8,549",4.30%,2.90%,32.95%,39.29%,48.49%,0.00%,0.00%,0.00%,0.00%,0.79%,0.79%,67.05%,59.92%,50.71%,5.90%,1.60%,23,45,57,450,310,305,-3.40%,-0.10%,148,124,151,-1.60%,1.40%,0.06,0.01,2.4,2,86%,91%,13.70%,9.20%,0.00%,0.00%,0.00%,0.00%,0%,0%,3.6,1.2,3.0776,1.044,0.4968,0.1669,1,0.84,1,0.72,0.91,0.45,66.64,312.58,74.57,416.04,303.82,718.36,0.7,0.7,-,-,-,-,57%,4%,43%,4%,0%,0%,0%,0%,10,10,0.99,-16.00%,1,1,12.10%,15.10%,8,8,81.30%,79.20%,1,1,6.50%,5.70%,0,0,0.00%,0.00%,,,52473
58,8.094387,-74.775371,Nechi_T1_T2_T3.pdf,Nechi_metrics.jpg,Nechi.zip,Nechi.jpg,Nechi_Metrics.jpg,Nechi.zip,,,,Nechi.jpg,Nechi.png,Nechí,ANTIOQUIA,Colombia (Co),"14,749",143,103.33,1991-07-20,1999-05-23,2016-07-08,7.84,17.13,"2,830","6,547","14,749",10.70%,4.70%,0.00%,0.00%,27.68%,35.99%,50.00%,34.43%,16.45%,8.98%,2.71%,47.56%,41.02%,35.18%,8.70%,4.20%,35,69,143,154,161,159,0.50%,0.00%,81,95,103,2.00%,0.50%,0.14,0.16,5.5,5.6,8%,8%,89.50%,88.70%,2.80%,3.30%,0.00%,0.00%,0%,0%,3.6,2.4,0,0,3.56,2.39,1,0.99,0,0,0,0,57.52,151.25,0,-,57.52,151.25,0.7,0.7,-,-,-,-,0%,100%,100%,100%,0%,0%,0%,0%,22,52,2.37,-18.00%,2,9,8.30%,16.80%,4,29,17.00%,55.50%,4,4,19.50%,8.40%,12,10,55.20%,19.40%,,,5495
59,5.166764,-75.520456,Neira_T1_T2_T3.pdf,Neira_metrics.jpg,Neira.zip,Neira.jpg,Neira_Metrics.jpg,Neira.zip,,,,Neira.jpg,Neira.png,Neira,CALDAS,Colombia (Co),"23,212",118,196.73,1989-08-07,2000-08-21,2015-01-11,11.04,14.39,"11,907","17,678","23,212",3.60%,1.90%,0.00%,9.05%,16.78%,46.96%,41.99%,35.77%,6.33%,1.49%,1.30%,46.72%,47.47%,46.15%,3.50%,0.60%,74,108,118,302,310,365,0.20%,1.10%,161,163,197,0.10%,1.30%,0.18,0.26,6,3.4,8%,38%,78.20%,62.10%,11.90%,0.00%,1.60%,0.00%,0%,0%,4.5,4,0,0,4.48,4.02,1,1,0,0,0,0,71.29,74.88,0,-,71.29,74.88,0.7,0.4,-,-,-,-,21%,66%,3%,10%,76%,56%,0%,0%,16,6,0.34,-19.40%,4,4,24.70%,77.40%,10,1,63.70%,22.60%,1,0,5.50%,0.00%,1,0,6.10%,0.00%,,,17486
60,5.705152333,-77.27110034,Nuqui_T1_T2_T3.pdf,Nuqui_metrics.jpg,Nuqui.zip,Nuqui.jpg,Nuqui_Metrics.jpg,Nuqui.zip,,,,Nuqui.jpg,Nuqui.png,Nuquí,CHOCÓ,Colombia (Co),"3,695",52,71.27,1991-02-01,1998-01-01,2015-03-01,6.92,17.16,748,"2,461","3,695",17.20%,2.40%,0.00%,0.00%,3.13%,15.15%,53.47%,52.08%,60.61%,16.01%,6.60%,24.24%,30.51%,38.19%,23.30%,3.20%,6,30,52,166,119,115,-4.90%,-0.20%,126,83,71,-6.10%,-0.90%,0.09,0.05,4.6,4.3,8%,18%,92.40%,81.90%,0.00%,0.00%,0.00%,0.00%,0%,0%,8.3,3.5,0,0,8.3,3.47,1,1,0,0,0,0,113.92,91.52,0,-,113.92,91.52,1.2,0.8,-,-,-,-,10%,50%,90%,50%,0%,0%,0%,0%,8,8,1.03,-12.10%,0,2,3.40%,24.20%,1,4,11.30%,46.20%,6,2,72.60%,29.70%,1,0,12.60%,0.00%,,,27495
61,0.667868,-76.873188,Orito_T1_T2_T3.pdf,Orito_metrics.jpg,Orito.zip,Orito.jpg,Orito_Metrics.jpg,Orito.zip,,,,Orito.jpg,Orito.png,Orito,PUTUMAYO,Colombia (Co),"49,967",432,115.78,1989-08-07,1999-06-24,2014-08-04,9.88,15.11,"15,878","21,785","49,967",3.20%,5.50%,2.16%,10.18%,15.41%,42.56%,35.64%,30.26%,2.39%,2.17%,4.36%,52.89%,52.02%,49.97%,2.10%,3.70%,200,245,432,169,185,231,0.90%,1.50%,80,89,116,1.10%,1.70%,0.15,0.16,8.3,6.1,11%,21%,43.70%,54.20%,24.70%,20.20%,11.30%,2.40%,9%,2%,1,1,0.64,0.69,0.37,0.27,0.96,0.96,0.97,0.98,0.97,0.98,199.06,216.51,184.2,201.97,439.86,592.02,4.6,6,-,-,-,-,68%,52%,32%,52%,0%,0%,0%,0%,23,97,4.2,-20.80%,11,18,46.60%,18.70%,6,22,27.20%,22.10%,1,9,4.70%,9.00%,5,49,21.60%,50.30%,,,86320
62,4.791889774,-71.3350884,Orocue_T1_T2_T3.pdf,Orocue_metrics.jpg,Orocue.zip,Orocue.jpg,Orocue_Metrics.jpg,Orocue.zip,,,,Orocue.jpg,Orocue.png,Orocué,CASANARE,Colombia (Co),"5,507",170,32.31,1990-01-01,2000-01-01,2014-02-01,10,14.09,"1,324","3,107","5,507",8.50%,4.10%,29.32%,42.87%,51.74%,0.00%,0.00%,0.00%,6.52%,0.77%,1.27%,64.16%,56.36%,46.99%,9.60%,4.20%,36,94,170,103,76,61,-3.10%,-1.50%,37,33,32,-1.10%,-0.20%,0.22,0.19,9,6.5,10%,19%,21.50%,55.50%,49.30%,16.80%,16.80%,3.60%,2%,5%,11,6,1.22,0.77,9.77,5.22,1,1,1,1,1,1,17.92,26.25,136.59,132.25,17.92,30.64,0.8,2.8,-,223.6,-,137.9,0%,92%,85%,54%,15%,38%,0%,0%,28,49,1.76,-23.60%,3,10,11.70%,20.60%,18,29,65.10%,59.10%,1,2,5.20%,3.90%,5,8,18.00%,16.40%,,,85230
63,10.74429158,-74.75008975,Palmar_De_Varela_T1_T2_T3.pdf,Palmar_De_Varela_metrics.jpg,Palmar_De_Varela.zip,Palmar_De_Varela.jpg,Palmar_De_Varela_Metrics.jpg,Palmar_De_Varela.zip,,,,Palmar_De_Varela.jpg,Palmar_De_Varela.png,Palmar de Varela,ATLÁNTICO,Colombia (Co),"26,935",340,79.26,1991-03-01,1999-01-01,2011-03-01,7.84,12.16,"17,772","22,174","26,935",2.80%,1.60%,7.13%,58.41%,70.05%,33.71%,10.49%,8.18%,1.99%,0.90%,0.82%,57.16%,30.21%,20.95%,3.10%,0.70%,244,312,340,170,102,100,-6.50%,-0.10%,73,71,79,-0.30%,0.90%,0.21,0.22,9.6,5.3,7%,18%,30.30%,75.00%,33.80%,6.80%,22.90%,0.10%,6%,0%,4.2,3.8,1.53,1.31,2.63,2.47,1,1,1,0.99,1,0.99,63.96,72.73,140.78,168.09,92.1,94.63,1.5,4.5,-,125,-,-,2%,71%,98%,71%,0%,0%,0%,0%,113,51,0.45,-38.80%,82,35,73.20%,69.60%,16,14,14.60%,27.90%,4,0,3.30%,0.50%,10,1,8.90%,2.00%,,,8520
64,3.526810862,-76.30004865,Palmira_T1_T2_T3.pdf,Palmira_metrics.jpg,Palmira.zip,Palmira.jpg,Palmira_Metrics.jpg,Palmira.zip,,,,Palmira.jpg,Palmira.png,Palmira,VALLE DEL CAUCA,Colombia (Co),"261,095","2,418",107.98,1989-07-01,2003-02-01,2015-12-01,13.59,12.83,"165,978","222,770","261,095",2.20%,1.20%,48.54%,48.22%,58.31%,15.43%,14.84%,10.87%,1.74%,1.18%,1.01%,34.29%,35.77%,29.81%,3.70%,1.90%,"1,152","1,903","2,418",219,182,154,-1.40%,-1.30%,144,117,108,-1.50%,-0.60%,0.21,0.27,8,7.9,9%,10%,43.10%,54.20%,38.30%,23.10%,5.50%,5.50%,4%,7%,2.5,2.1,1.39,1.14,1.15,0.97,1,0.98,0.96,0.88,0.96,0.88,147.72,179.64,264.11,315.44,232.05,269.21,1.3,3.5,-,61.5,109.7,85.3,0%,92%,4%,15%,94%,66%,2%,11%,465,475,1.02,-47.90%,114,187,24.50%,39.30%,200,196,43.10%,41.20%,43,57,9.20%,12.10%,108,35,23.20%,7.40%,,,76520
65,10.748946,-75.107777,Piojo_T1_T2_T3.pdf,Piojo_metrics.jpg,Piojo.zip,Piojo.jpg,Piojo_Metrics.jpg,Piojo.zip,,,,Piojo.jpg,Piojo.png,Piojó,ATLÁNTICO,Colombia (Co),"2,568",67,38.36,1990-01-01,2000-03-01,2017-01-01,10.16,16.84,"1,969","2,359","2,568",1.80%,0.50%,27.30%,37.83%,41.13%,0.00%,0.00%,0.00%,10.74%,0.94%,2.15%,61.96%,61.22%,56.72%,6.60%,0.90%,29,57,67,176,106,89,-5.00%,-1.10%,67,41,38,-4.80%,-0.40%,0.18,0.16,4.4,3.9,39%,39%,56.10%,59.90%,4.80%,1.00%,0.60%,0.10%,0%,0%,7.4,4.7,0,0,7.36,4.74,1,1,0,0,0,0,25.45,45.81,0,-,25.45,45.81,0.9,0.9,-,-,-,-,85%,48%,3%,15%,12%,33%,0%,0%,10,7,0.65,-13.70%,3,2,29.40%,35.50%,4,2,41.00%,25.90%,1,1,9.80%,8.20%,2,2,19.80%,30.30%,,,8549
66,2.441727173,-76.60542543,Popayan_T1_T2_T3.pdf,Popayan_metrics.jpg,Popayan.zip,Popayan.jpg,Popayan_Metrics.jpg,Popayan.zip,,,,Popayan.jpg,Popayan.png,Popayán,CAUCA,Colombia (Co),"271,290","3,101",87.49,1989-08-01,1999-07-01,2015-12-01,9.91,16.42,"138,324","168,450","271,290",2.00%,2.90%,50.87%,52.72%,49.67%,13.08%,10.97%,14.40%,1.37%,1.53%,1.07%,34.68%,34.79%,34.85%,2.60%,4.10%,"1,229","1,587","3,101",172,163,134,-0.60%,-1.20%,113,106,87,-0.60%,-1.20%,0.24,0.19,8.7,6.9,9%,13%,41.90%,59.20%,33.40%,21.70%,8.50%,2.90%,7%,3%,2.9,2.2,1.29,0.93,1.65,1.24,1,0.97,0.95,0.81,0.95,0.81,109,174.23,257.22,366.77,199.18,259.49,1.9,7,87.4,-,138.4,-,8%,83%,24%,40%,65%,26%,3%,17%,232,985,4.25,-33.20%,85,263,36.60%,26.70%,96,255,41.70%,25.90%,24,86,10.50%,8.80%,26,381,11.20%,38.70%,,,19001
67,13.38083056,-81.3692,Providencia_T1_T2_T3.pdf,Providencia_metrics.jpg,Providencia.zip,Providencia.jpg,Providencia_Metrics.jpg,Providencia.zip,,,,Providencia.jpg,Providencia.png,Providencia y Santa Catalina,SAN ANDRÉS,Colombia (Co),"5,297",96,55.06,1991-07-01,2000-02-01,2015-03-01,8.59,15.08,"1,337","3,990","5,297",12.70%,1.90%,30.83%,167.52%,217.77%,0.00%,0.00%,0.00%,0.26%,0.00%,0.00%,152.33%,526.72%,507.67%,10.80%,0.60%,35,88,96,99,129,67,3.10%,-4.30%,38,46,55,2.00%,1.30%,0.13,0.2,5.6,7.8,21%,7%,60.50%,0.00%,18.80%,0.00%,0.00%,0.00%,0%,0%,4.236,1.716,0,0,4.236,1.716,1,1,0,0,1,1,11.79,63.97,0,-,11.79,63.97,10.7,16.9,-,-,-,-,100%,0%,0%,0%,0%,0%,0%,0%,16,48,2.92,-18.50%,1,10,4.40%,20.50%,1,9,8.20%,19.20%,5,1,32.40%,1.90%,9,28,54.90%,58.50%,,,88564
68,6.18517823,-67.48127291,Puerto_Carreno_T1_T2_T3.pdf,Puerto_Carreno_metrics.jpg,Puerto_Carreno.zip,Puerto_Carreno.jpg,Puerto_Carreno_Metrics.jpg,Puerto_Carreno.zip,,,,Puerto_Carreno.jpg,Puerto_Carreno.png,Puerto Carreño,VICHADA,Colombia (Co),"16,017",519,30.89,1997-10-05,2001-01-09,2016-01-11,3.26,15,"8,461","12,511","16,017",12.00%,1.60%,9.37%,16.74%,30.34%,32.51%,29.59%,24.89%,2.86%,2.98%,1.65%,55.25%,50.68%,43.13%,4.00%,0.90%,399,455,519,47,56,54,5.00%,-0.20%,21,27,31,8.00%,0.80%,0.14,0.12,8,5.7,17%,22%,43.80%,62.60%,15.90%,14.10%,13.30%,1.20%,10%,0%,0.7,0.7,0.74,0.64,0,0.06,0.97,0.96,0.96,0,0.96,0,242.59,236.99,249.98,252.72,30,33.53,2.4,2.9,-,-,-,-,14%,44%,86%,44%,0%,0%,0%,0%,45,69,1.54,-25.40%,21,41,46.20%,58.70%,13,23,28.90%,33.70%,1,0,2.80%,0.40%,10,5,22.10%,7.20%,,,99001
69,4.31231595,-72.08070065,Puerto_Gaitan_T1_T2_T3.pdf,Puerto_Gaitan_metrics.jpg,Puerto_Gaitan.zip,Puerto_Gaitan.jpg,Puerto_Gaitan_Metrics.jpg,Puerto_Gaitan.zip,,,,Puerto_Gaitan.jpg,Puerto_Gaitan.png,Puerto Gaitán,META,Colombia (Co),"7,542",152,49.62,1990-01-01,2000-01-05,2014-02-04,10.01,14.08,"3,700","5,163","7,542",3.30%,2.70%,0.00%,1.59%,24.69%,43.28%,46.53%,29.84%,9.79%,4.34%,4.50%,46.93%,47.54%,40.97%,3.40%,2.40%,76,108,152,91,91,84,0.00%,-0.60%,48,48,50,-0.10%,0.20%,0.23,0.34,9,9.9,5%,11%,24.10%,28.00%,58.70%,39.00%,12.60%,7.50%,0%,15%,1,0.9,0,0.21,1.01,0.71,1,1,1,1,1,1,231.87,215.55,261.66,160.26,145.31,150.8,1.3,2,-,-,-,-,0%,84%,6%,44%,94%,40%,0%,0%,16,33,2.08,-19.70%,4,15,23.10%,45.30%,9,15,54.10%,45.60%,1,0,3.90%,0.00%,3,3,18.80%,9.00%,,,50568
70,0.966323,-76.406822,Puerto_Guzman_T1_T2_T3.pdf,Puerto_Guzman_metrics.jpg,Puerto_Guzman.zip,Puerto_Guzman.jpg,Puerto_Guzman_Metrics.jpg,Puerto_Guzman.zip,,,,Puerto_Guzman.jpg,Puerto_Guzman.png,Puerto Guzmán,PUTUMAYO,Colombia (Co),"15,852",78,202.68,1989-12-01,2002-01-01,2016-03-01,12.08,14.16,"6,035","6,250","15,852",0.30%,6.60%,41.11%,41.30%,43.96%,0.00%,0.00%,0.00%,10.74%,0.47%,2.53%,48.15%,58.23%,53.51%,7.00%,2.20%,24,57,78,479,263,436,-5.00%,3.60%,248,110,203,-6.70%,4.30%,0.22,0.24,8.1,6.9,5%,4%,35.90%,70.50%,52.00%,25.00%,6.80%,0.40%,0%,0%,5.1,2.9,0,0,5.07,2.93,1,1,0,0,0,0,24,71.97,0,-,24,71.97,0.9,1,-,358.5,-,-,17%,71%,83%,71%,0%,0%,0%,0%,10,12,1.16,-16.50%,1,4,5.20%,34.50%,9,4,86.10%,36.80%,1,1,8.70%,12.00%,0,2,0.00%,16.70%,,,86571
71,-0.1947962671,-74.78131477,Puerto_Leguizamo_T1_T2_T3.pdf,Puerto_Leguizamo_metrics.jpg,Puerto_Leguizamo.zip,Puerto_Leguizamo.jpg,Puerto_Leguizamo_Metrics.jpg,Puerto_Leguizamo.zip,,,,Puerto_Leguizamo.jpg,Puerto_Leguizamo.png,Puerto Leguízamo,PUTUMAYO,Colombia (Co),"19,886",230,86.65,1991-02-01,2001-01-01,2013-09-01,9.92,12.67,"7,866","10,445","19,886",2.90%,5.10%,8.21%,27.21%,41.22%,53.72%,36.94%,22.31%,1.95%,3.26%,2.82%,36.12%,32.59%,33.65%,1.40%,3.40%,129,149,230,95,104,131,0.90%,1.80%,61,70,87,1.40%,1.70%,0.13,0.05,5.3,3.7,32%,59%,56.80%,30.40%,9.60%,7.10%,1.50%,2.90%,0%,0%,3.8,2.2,0.08,0.26,3.67,1.98,1,1,1,1,1,1,53.95,135.9,10,221.7,54.04,133.23,1.5,2.5,-,131.2,-,-,7%,21%,93%,21%,0%,0%,0%,0%,18,52,2.94,-22.60%,4,10,21.00%,18.50%,12,34,70.70%,66.10%,0,4,2.60%,7.70%,1,4,5.70%,7.80%,,,86573
72,2.941158,-73.207412,Puerto_Rico_T1_T2_T3.pdf,Puerto_Rico_metrics.jpg,Puerto_Rico.zip,Puerto_Rico.jpg,Puerto_Rico_Metrics.jpg,Puerto_Rico.zip,,,,Puerto_Rico.jpg,Puerto_Rico.png,Puerto Rico,META,Colombia (Co),"7,421",141,52.72,1988-01-11,2000-02-13,2016-10-30,12.09,16.71,"4,551","5,221","7,421",1.10%,2.10%,0.00%,5.78%,25.32%,49.36%,49.87%,34.40%,6.68%,2.22%,1.02%,43.96%,42.13%,39.26%,2.30%,2.00%,77,101,141,106,89,87,-1.40%,-0.20%,59,52,53,-1.20%,0.10%,0.26,0.18,13.1,9.4,1%,2%,1.30%,8.90%,38.10%,85.70%,42.50%,3.10%,18%,0%,3.2,2.3,0,0,3.19,2.33,1,1,0,0,0,0,85.88,124.35,0,-,85.88,124.35,1,2,-,-,-,-,0%,100%,100%,100%,0%,0%,0%,0%,15,26,1.72,-16.30%,4,8,25.00%,29.10%,8,17,53.50%,66.80%,0,0,1.80%,0.30%,3,1,19.80%,3.80%,,,50590
73,8.361422,-72.408645,Puerto_Santander_T1_T2_T3.pdf,Puerto_Santander_metrics.jpg,Puerto_Santander.zip,Puerto_Santander.jpg,Puerto_Santander_Metrics.jpg,Puerto_Santander.zip,,,,Puerto_Santander.jpg,Puerto_Santander.png,Puerto Santander,NORTE DE SANTANDER,Colombia (Co),"13,636",82,166.14,1991-09-01,2000-09-01,2016-08-01,9,15.92,617,"5,988","13,636",25.20%,5.20%,0.00%,2.51%,4.06%,28.04%,58.79%,53.51%,40.19%,3.52%,4.06%,31.78%,35.18%,38.38%,14.60%,5.20%,10,36,82,94,258,270,11.20%,0.30%,64,167,166,10.70%,0.00%,0.15,0.19,7.4,6.8,2%,5%,61.10%,74.10%,32.70%,16.40%,4.20%,4.10%,0%,0%,4,3.7,0,0,4,3.68,1,1,0,0,0,0,58.85,73.99,0,-,58.85,73.99,1.1,0.6,-,99,-,-,2%,96%,0%,19%,98%,77%,0%,0%,16,26,1.65,-17.40%,0,1,0.00%,3.80%,0,2,2.30%,8.20%,1,14,3.90%,53.90%,15,9,93.80%,34.10%,,,54553
74,4.624331,-75.762956,Quimbaya_T1_T2_T3.pdf,Quimbaya_metrics.jpg,Quimbaya.zip,Quimbaya.jpg,Quimbaya_Metrics.jpg,Quimbaya.zip,,,,Quimbaya.jpg,Quimbaya.png,Quimbaya,QUINDÍO,Colombia (Co),"28,645",235,121.85,1989-08-01,1997-07-01,2014-07-01,7.92,17,"19,740","24,439","28,645",2.70%,0.90%,15.19%,27.74%,31.62%,34.64%,27.58%,22.93%,5.20%,1.78%,2.68%,44.97%,42.89%,42.76%,3.00%,1.90%,135,172,235,266,249,213,-0.80%,-0.90%,146,142,122,-0.30%,-0.90%,0.21,0.19,6.9,5.2,9%,31%,59.70%,48.90%,27.30%,20.20%,3.50%,0.30%,0%,0%,2.6,1.9,0,0,2.6,1.89,1,0.94,0,0,0,0,110.34,194.62,0,-,110.34,194.62,0.6,1.6,-,71.4,-,-,4%,66%,29%,35%,68%,1%,0%,31%,23,36,1.6,-18.40%,12,11,52.90%,30.80%,7,20,30.80%,55.20%,1,1,3.20%,3.00%,3,4,13.20%,11.00%,,,63594
75,7.392570678,-73.49623775,Sabana_De_Torres_T1_T2_T3.pdf,Sabana_De_Torres_metrics.jpg,Sabana_De_Torres.zip,Sabana_De_Torres.jpg,Sabana_De_Torres_Metrics.jpg,Sabana_De_Torres.zip,,,,Sabana_De_Torres.jpg,Sabana_De_Torres.png,Sabana de Torres,SANTANDER,Colombia (Co),"13,000",407,31.92,1991-06-01,2001-01-01,2015-01-01,9.59,14,"11,138","11,847","13,000",0.60%,0.70%,46.89%,47.63%,49.64%,21.15%,20.17%,20.13%,2.00%,2.19%,1.06%,29.96%,30.02%,29.17%,1.00%,0.70%,337,370,407,47,46,45,-0.30%,-0.10%,33,32,32,-0.30%,0.00%,0.19,0.08,6.1,2.6,19%,79%,62.50%,21.10%,12.70%,0.00%,5.10%,0.00%,0%,0%,2.8,2.7,0.39,0.36,2.44,2.36,1,1,0.99,0.99,0.99,0.99,109.31,118.93,277.81,269.33,133.23,142.48,1.3,0.8,87.7,-,-,-,2%,99%,88%,99%,11%,0%,0%,0%,23,29,1.28,-22.20%,3,12,12.80%,40.40%,19,15,82.40%,52.30%,0,0,0.40%,0.30%,1,2,4.40%,7.00%,,,68655
76,8.946302802,-75.44401917,Sahagun_T1_T2_T3.pdf,Sahagun_metrics.jpg,Sahagun.zip,Sahagun.jpg,Sahagun_Metrics.jpg,Sahagun.zip,,,,Sahagun.jpg,Sahagun.png,Sahagún,CORDOBA,Colombia (Co),"44,997",665,67.69,1987-01-01,2001-07-01,2014-07-01,14.5,13,"29,692","40,120","44,997",2.10%,0.90%,47.85%,44.83%,48.56%,16.68%,19.84%,18.55%,1.64%,1.24%,1.49%,33.82%,34.08%,31.40%,1.80%,1.20%,438,565,665,102,108,99,0.30%,-0.70%,68,71,68,0.30%,-0.40%,0.24,0.19,7.9,5,5%,24%,56.80%,69.90%,30.90%,5.30%,2.90%,1.20%,4%,0%,2.3,1.9,0.44,0.2,1.84,1.68,1,0.99,1,1,1,1,167.05,176.81,146.03,176.8,186.43,192.61,1,1,181.8,190.3,233.3,-,4%,98%,59%,98%,37%,0%,0%,0%,82,83,1.01,-33.90%,16,29,19.40%,35.40%,51,46,62.70%,55.20%,2,1,2.00%,1.00%,13,7,15.90%,8.50%,,,23660
77,5.402369,-75.486721,Salamina_T1_T2_T3.pdf,Salamina_metrics.jpg,Salamina.zip,Salamina.jpg,Salamina_Metrics.jpg,Salamina.zip,,,,Salamina.JPG,Salamina.png,Salamina,CALDAS,Colombia (Co),"8,320",113,73.84,1987-01-20,2000-08-21,2015-01-11,13.59,14.39,"11,499","10,597","8,320",-0.60%,-1.70%,0.00%,11.54%,14.46%,52.09%,44.98%,42.65%,4.17%,3.09%,3.27%,43.74%,40.38%,39.62%,2.60%,0.30%,76,108,113,271,165,122,-3.60%,-2.10%,152,98,74,-3.20%,-2.00%,0.13,0.26,4.6,3.9,35%,55%,59.90%,42.60%,4.40%,2.00%,0.80%,0.00%,0%,0%,2.6,2.8,0,0,2.64,2.82,1,1,0,0,0,0,131.21,113.8,0,-,131.21,113.8,0.7,1.1,-,-,133.5,-,3%,61%,1%,27%,96%,34%,0%,0%,21,3,0.17,-21.10%,5,2,22.20%,44.60%,15,1,71.30%,26.20%,0,0,1.70%,0.00%,1,1,4.80%,29.20%,,,17653
78,9.18368,-75.380371,Sampues_T1_T2_T3.pdf,Sampues_metrics.jpg,Sampues.zip,Sampues.jpg,Sampues_Metrics.jpg,Sampues.zip,,,,Sampues.jpg,Sampues.png,Sampués,SUCRE,Colombia (Co),"42,353",358,118.27,1990-07-01,2001-01-01,2017-01-01,10.51,16,"13,690","23,319","42,353",5.10%,3.70%,11.65%,31.85%,42.90%,35.30%,23.39%,19.08%,1.81%,3.47%,2.89%,51.23%,41.29%,35.13%,3.90%,2.70%,154,231,358,183,172,182,-0.60%,0.40%,89,101,118,1.20%,1.00%,0.22,0.24,8.2,8.3,3%,5%,45.10%,51.30%,43.40%,26.30%,6.70%,16.80%,1%,1%,3.8,3,0.51,0.64,3.28,2.37,1,1,1,0.99,1,0.99,78.86,103.35,46.31,147.48,87.95,115.97,2,5.3,123,160.2,-,-,4%,50%,71%,49%,25%,2%,0%,0%,61,97,1.6,-25.60%,19,27,30.80%,27.90%,26,46,43.10%,47.30%,2,7,3.00%,7.20%,14,17,23.10%,17.60%,,,70670
79,3.914508,-75.479074,San_Antonio_T1_T2_T3.pdf,San_Antonio_metrics.jpg,San_Antonio.zip,San_Antonio.jpg,San_Antonio_Metrics.jpg,San_Antonio.zip,,,,San_Antonio.jpg,San_Antonio.png,San Antonio,TOLIMA,Colombia (Co),"4,375",102,42.87,1989-08-07,2001-02-05,2013-09-02,11.5,12.57,"5,097","4,616","4,375",-0.90%,-0.40%,35.75%,42.41%,47.80%,0.00%,0.00%,0.00%,1.40%,0.21%,0.53%,62.85%,57.38%,51.68%,2.60%,1.30%,64,87,102,213,124,89,-4.70%,-2.70%,79,53,43,-3.50%,-1.70%,0.15,0.14,5.9,3.7,10%,43%,75.80%,57.20%,13.90%,0.10%,0.00%,0.00%,0%,0%,2.1,1.9,0,0,2.11,1.87,1,1,0,0,0,0,80.97,113.39,0,-,80.97,113.39,1.9,7.9,-,-,-,-,25%,27%,56%,27%,19%,0%,0%,0%,13,12,0.92,-20.40%,6,8,47.20%,66.90%,6,4,48.60%,31.60%,1,0,4.20%,1.50%,0,0,0.00%,0.00%,,,73675
80,8.929749339,-75.02702274,San_benito_abad_T1_T2_T3.pdf,San_benito_abad_metrics.jpg,San_benito_abad.zip,San_benito_abad.jpg,San_benito_abad_Metrics.jpg,San_benito_abad.zip,,,,San_benito_abad.jpg,San_benito_abad.png,San Benito Abad,SUCRE,Colombia (Co),"5,529",175,31.52,1987-01-01,2001-07-01,2014-07-01,14.5,13,"9,502","8,027","5,529",-1.20%,-2.90%,25.72%,38.64%,42.43%,0.00%,0.00%,0.00%,4.57%,0.85%,0.97%,69.71%,60.51%,56.59%,4.70%,3.90%,53,106,175,590,192,73,-7.70%,-7.50%,179,76,32,-5.90%,-6.80%,0.2,0.11,7.1,5.6,0,12%,1,80.20%,29.90%,7.10%,2.20%,0.20%,0%,0%,9.1,5.5,0,0,9.07,5.49,1,1,0,0,0,0,12.36,41.25,0,-,12.36,41.25,1.4,3.4,216.9,188.6,-,-,1%,100%,99%,100%,0%,0%,0%,0%,25,34,1.37,-24.80%,6,14,22.30%,39.90%,10,7,39.60%,20.20%,5,9,22.00%,25.20%,4,5,16.00%,14.60%,,,70678
81,8.250007913,-74.72277922,San_jacinto_del_cauca_T1_T2_T3.pdf,San_jacinto_del_cauca_metrics.jpg,San_jacinto_del_cauca.zip,San_jacinto_del_cauca.jpg,San_jacinto_del_cauca_Metrics.jpg,San_jacinto_del_cauca.zip,,,,San_jacinto_del_cauca.jpg,San_jacinto_del_cauca.png,San Jacinto del Cauca,BOLÍVAR,Colombia (Co),"8,003",51,157.95,1987-01-01,2001-07-01,2014-07-01,14.5,13,"1,109","3,194","8,003",7.30%,7.10%,31.34%,41.22%,44.58%,0.00%,0.00%,0.00%,0.35%,0.00%,0.00%,68.31%,58.78%,55.42%,2.80%,2.10%,26,38,51,137,202,354,2.70%,4.30%,43,83,158,4.50%,4.90%,0.174,0.445,7.8,7.7,15%,18%,77.00%,81.50%,7.80%,0.00%,0.10%,0.00%,0%,0%,4.5,3,0,0,4.47,3.05,1,1,0,0,0,0,22.71,39.25,0,-,22.71,39.25,0.9,0.7,-,145.6,148.4,-,29%,36%,46%,36%,25%,0%,0%,0%,9,7,0.77,-16.70%,3,3,29.90%,50.70%,5,3,58.70%,44.00%,0,0,0.00%,5.30%,1,0,11.40%,0.00%,,,13655
82,8.760582669,-76.52869353,San_Juan_de_Uraba_T1_T2_T3.pdf,San_Juan_de_Uraba_metrics.jpg,San_Juan_de_Uraba.zip,San_Juan_de_Uraba.jpg,San_Juan_de_Uraba_Metrics.jpg,San_Juan_de_Uraba.zip,,,,San_Juan_de_Uraba.jpg,San_Juan_de_Uraba.png,San Juan de Urabá,ANTIOQUIA,Colombia (Co),"10,167",89,114.8,1991-03-01,2001-01-01,2015-01-01,9.84,14,"3,355","7,109","10,167",7.60%,2.60%,0.00%,0.00%,0.00%,37.60%,48.07%,45.93%,16.19%,7.73%,4.78%,46.21%,44.21%,49.29%,6.10%,2.40%,34,63,89,181,203,226,1.10%,0.80%,97,113,115,1.50%,0.10%,0.23,0.34,6.6,7.3,5%,12%,72.90%,55.80%,21.10%,15.70%,0.90%,16.40%,0%,0%,3,2.9,0,0,2.99,2.94,1,0.99,0,0,0,0,97.61,127.32,0,-,97.61,127.32,0.7,1.8,-,-,-,-,46%,37%,49%,37%,5%,0%,0%,0%,16,10,0.59,-20.00%,1,1,7.10%,10.20%,3,5,19.10%,55.90%,2,0,13.10%,2.80%,10,3,60.70%,31.10%,,,5659
83,8.662470461,-75.12891845,San_marcos_T1_T2_T3.pdf,San_marcos_metrics.jpg,San_marcos.zip,San_marcos.jpg,San_marcos_Metrics.jpg,San_marcos.zip,,,,San_marcos.jpg,San_marcos.png,San Marcos,SUCRE,Colombia (Co),"33,122",514,64.42,1987-01-01,2001-07-01,2014-07-01,14.5,13,"14,046","24,964","33,122",4.00%,2.20%,0.00%,0.10%,35.11%,35.67%,41.95%,21.20%,5.39%,4.40%,1.12%,58.94%,53.54%,42.57%,4.80%,3.10%,172,345,514,199,156,112,-1.70%,-2.50%,82,72,64,-0.80%,-0.90%,0.16,0.15,6.7,5.5,6%,12%,72.70%,79.60%,20.40%,7.70%,1.30%,0.30%,0%,0%,3.4,2.5,0,0,3.36,2.54,1,1,0,0,0,0,76.59,141.04,0,-,76.59,141.04,1.9,3.5,-,300.2,-,-,1%,99%,93%,99%,6%,0%,0%,0%,90,134,1.5,-34.60%,6,68,6.60%,50.60%,12,31,13.00%,23.00%,43,14,48.00%,10.10%,29,22,32.30%,16.40%,,,70708
84,3.696316,-73.69664,San_Martin_T1_T2_T3.pdf,San_Martin_metrics.jpg,San_Martin.zip,San_Martin.jpg,San_Martin_Metrics.jpg,San_Martin.zip,,,,San_Martin.jpg,San_Martin.png,San Martín,META,Colombia (Co),"20,860",432,48.24,1989-12-01,2001-03-01,2014-01-01,11.25,12.84,"9,452","15,886","20,860",4.60%,2.10%,20.80%,39.37%,52.34%,29.70%,19.71%,15.23%,2.22%,1.32%,1.14%,47.28%,39.60%,31.28%,2.50%,0.60%,305,402,432,59,65,70,0.90%,0.60%,31,39,48,2.10%,1.60%,0.17,0.21,7.3,6.3,11%,14%,55.80%,65.30%,26.40%,13.20%,5.40%,6.90%,2%,0%,2.5,2.3,0.59,0.34,1.88,1.95,1,1,1,1,1,1,101.25,136.25,61.55,67.38,123.61,150.59,1.5,2.5,-,104.3,-,98.1,1%,99%,36%,90%,63%,9%,0%,0%,82,53,0.65,-34.30%,44,40,53.30%,74.30%,24,10,28.80%,17.90%,7,0,8.10%,0.30%,8,4,9.80%,7.50%,,,50689
85,8.279858388,-76.38032469,San_Pedro_de_Uraba_T1_T2_T3.pdf,San_Pedro_de_Uraba_metrics.jpg,San_Pedro_de_Uraba.zip,San_Pedro_de_Uraba.jpg,San_Pedro_de_Uraba_Metrics.jpg,San_Pedro_de_Uraba.zip,,,,San_Pedro_de_Uraba.jpg,San_Pedro_de_Uraba.png,San Pedro de Urabá,ANTIOQUIA,Colombia (Co),"15,594",220,70.81,1991-03-01,2001-01-01,2015-01-01,9.84,14,"6,025","10,019","15,594",5.20%,3.20%,0.00%,2.57%,33.43%,42.10%,44.50%,22.31%,11.55%,3.74%,3.15%,46.35%,49.18%,41.11%,9.70%,2.60%,59,154,220,190,128,120,-4.00%,-0.50%,102,65,71,-4.50%,0.60%,0.2,0.26,7.7,7.6,2%,6%,49.30%,48.50%,48.10%,41.80%,0.30%,3.40%,0%,0%,5.4,3.1,0,0,5.43,3.05,1,1,0,0,0,0,31.19,106.73,0,-,31.19,106.73,3.7,1.2,204.6,194.5,-,-,0%,82%,100%,82%,0%,0%,0%,0%,46,51,1.12,-27.30%,5,20,11.00%,38.90%,17,23,37.10%,44.00%,12,2,25.70%,3.50%,12,7,26.20%,13.70%,,,5665
86,6.879275207,-73.4098357,San_Vicente_de_Chucuri_T1_T2_T3.pdf,San_Vicente_de_Chucuri_metrics.jpg,San_Vicente_de_Chucuri.zip,San_Vicente_de_Chucuri.jpg,San_Vicente_de_Chucuri_Metrics.jpg,San_Vicenti_de_Chucuri.zip,,,,San_Vicente_de_Chucuri.jpg,San_Vicente_de_Chucuri.png,San Vicente de Chucurí,SANTANDER,Colombia (Co),"15,138",196,77.37,1991-06-04,2001-01-29,2015-01-04,9.66,13.93,"8,105","13,329","15,138",5.20%,0.90%,0.86%,7.49%,11.45%,45.05%,39.07%,36.57%,6.84%,4.41%,3.54%,47.24%,49.03%,48.44%,3.00%,0.50%,135,182,196,113,144,150,2.50%,0.30%,60,73,77,2.10%,0.40%,0.15,0.22,7,6,8%,25%,69.40%,46.90%,16.70%,26.50%,1.60%,0.90%,4%,1%,4.6,4.1,0,0,0,0,1,1,1,1,1,1,59.25,75.92,0,0,0,0,1.3,9.6,-,-,-,102.7,1%,90%,4%,1%,95%,88%,0%,0%,21,8,0.36,-21.80%,2,4,7.30%,48.70%,4,3,18.00%,38.00%,8,0,36.50%,0.00%,8,1,38.20%,13.20%,,,68689
87,2.450371,-77.97975,Santa_Barbara_T1_T2_T3.pdf,Santa_Barbara_metrics.jpg,Santa_Barbara.zip,Santa_Barbara.jpg,Santa_Barbara_Metrics.jpg,Santa_Barbara.zip,,,,Santa_Barbara.jpg,Santa_Barbara.png,Santa Bárbara,NARIÑO,Colombia (Co),"3,714",62,59.55,1991-06-01,1998-02-01,2015-06-01,6.67,17.33,"2,751","2,904","3,714",0.80%,1.40%,20.91%,25.96%,45.60%,0.00%,0.00%,0.00%,0.00%,0.00%,0.00%,79.09%,74.04%,54.40%,3.50%,2.90%,30,37,62,443,299,131,-5.90%,-4.80%,93,78,60,-2.70%,-1.50%,0.16,0.03,5,4.7,11%,29%,88.30%,71.00%,0.30%,0.00%,0.00%,0.00%,0%,0%,7.8,2.7,0,0,7.78,2.7,1,1,0,0,0,0,11.57,31.01,0,-,11.57,31.01,0.5,0.9,-,-,-,-,29%,74%,71%,74%,0%,0%,0%,0%,4,21,5.9,-7.20%,1,3,17.90%,12.60%,2,14,61.50%,67.80%,1,2,20.50%,10.00%,0,2,0.00%,9.70%,,,52696
88,5.87483,-72.982973,Santa_Rosa_de_Viterbo_T1_T2_T3.pdf,Santa_Rosa_de_Viterbo_metrics.jpg,Santa_Rosa_de_Viterbo.zip,Santa_Rosa_de_Viterbo.jpg,Santa_Rosa_de_Viterbo_Metrics.jpg,Santa_Rosa_de_Viterbo.zip,,,,Santa_Rosa_de_Viterbo.jpg,Santa_Rosa_de_Viterbo.png,Santa Rosa de Viterbo,BOYACÁ,Colombia (Co),"2,492",192,12.97,1989-12-01,2002-01-01,2014-12-01,12.08,12.91,"2,309","2,465","2,492",0.50%,0.10%,3.20%,19.12%,20.47%,41.50%,27.68%,26.60%,3.59%,2.20%,2.25%,51.72%,51.00%,50.68%,3.70%,0.30%,118,184,192,41,27,26,-3.30%,-0.30%,20,13,13,-3.10%,-0.20%,0.21,0.21,7.7,6.7,8%,17%,60.40%,59.40%,20.70%,14.50%,4.40%,3.90%,6%,5%,2.6,2.4,0.88,0.84,1.74,1.52,1,1,1,0.98,1,0.98,145.47,144.82,283.16,273.1,199.32,209.99,1.6,6.9,-,-,-,-,9%,31%,11%,5%,75%,21%,5%,4%,33,4,0.13,-27.00%,10,1,31.70%,32.60%,13,3,40.20%,67.40%,5,0,15.90%,0.00%,4,0,12.20%,0.00%,,,15693
89,5.142424114,-70.85832655,Santa_Rosalia_T1_T2_T3.pdf,Santa_Rosalia_metrics.jpg,Santa_Rosalia.zip,Santa_Rosalia.jpg,Santa_Rosalia_Metrics.jpg,Santa_Rosalia.zip,,,,Santa_Rosalia.jpg,Santa_Rosalia.png,Santa Rosalía,VICHADA,Colombia (Co),"2,800",56,50.26,1990-01-01,2000-01-01,2014-02-01,10,14.09,403,"1,408","2,800",12.50%,4.90%,27.02%,51.91%,58.48%,0.00%,0.00%,0.00%,0.00%,1.49%,0.97%,75.21%,149.92%,150.24%,5.20%,0.20%,32,54,56,43,73,116,5.30%,3.30%,12,26,50,7.30%,4.70%,0.14,0.08,6.4,3.6,9%,51%,78.10%,38.50%,13.10%,10.30%,0.00%,0.30%,0%,0%,5.6,4.5,0,0,5.61,4.49,1,1,0,0,0,0,30.53,39.88,0,-,30.53,39.88,2.5,2.6,-,-,-,-,4%,95%,96%,95%,0%,0%,0%,0%,17,5,0.28,-20.10%,1,3,7.50%,71.70%,9,1,50.60%,28.30%,0,0,0.50%,0.00%,7,0,41.40%,0.00%,,,99624
90,4.963495554,-74.43446523,Sasaima_T1_T2_T3.pdf,Sasaima_metrics.jpg,Sasaima.zip,Sasaima.jpg,Sasaima_Metrics.jpg,Sasaima.zip,,,,Sasaima.jpg,Sasaima.png,Sasaima,CUNDINAMARCA,Colombia (Co),"10,988",224,49.09,1991-01-01,2003-11-01,2015-04-01,12.83,11.41,"5,677","5,452","10,988",-0.30%,6.10%,27.25%,28.80%,31.85%,0.00%,0.00%,0.00%,2.20%,0.57%,1.09%,70.55%,70.63%,67.07%,4.20%,2.20%,102,175,224,189,106,149,-4.50%,3.00%,56,31,49,-4.50%,4.00%,0.1,0.04,6.9,6.5,12%,14%,54.80%,57.70%,27.30%,25.30%,5.80%,2.70%,0%,0%,4.7,3.8,0,0,4.69,3.78,1,1,0,0,0,0,48.94,67.02,0,-,48.94,67.02,5.5,18.4,-,-,156.6,-,31%,2%,1%,1%,68%,0%,0%,0%,21,22,1.05,-26.60%,3,12,14.30%,54.20%,12,5,57.00%,23.40%,1,2,4.80%,8.60%,5,3,24.00%,13.70%,,,25718
91,4.262925519,-75.93160396,Sevilla_T1_T2_T3.pdf,Sevilla_metrics.jpg,Sevilla.zip,Sevilla.jpg,Sevilla_Metrics.jpg,Sevilla.zip,,,,Sevilla.jpg,Sevilla.png,Sevilla,VALLE DEL CAUCA,Colombia (Co),"35,969",291,123.5,1989-08-01,1998-05-01,2014-03-01,8.75,15.83,"23,784","34,869","35,969",4.40%,0.20%,32.28%,35.15%,39.43%,26.78%,22.39%,18.51%,1.00%,1.42%,2.26%,39.94%,41.03%,39.80%,2.70%,1.90%,170,216,291,232,274,205,1.90%,-1.80%,140,162,124,1.70%,-1.70%,0.2,0.18,9.4,7.5,1%,1%,17.00%,64.50%,69.20%,31.10%,12.60%,2.70%,0%,1%,6,2.4,0,0,5.97,2.45,1,0.98,0,0,0,0,36.3,154.22,0,-,36.3,154.22,0.9,0.8,-,-,-,-,0%,98%,0%,15%,100%,83%,0%,0%,24,48,1.97,-20.20%,2,16,8.90%,32.50%,21,20,84.40%,42.10%,2,4,6.70%,8.60%,0,8,0.00%,16.70%,,,76736
92,9.244595436,-75.14763396,Since_T1_T2_T3.pdf,Since_metrics.jpg,Since.zip,Since.jpg,Since_Metrics.jpg,Since.zip,,,,Since.jpg,Since.png,Sincé,SUCRE,Colombia (Co),"27,084",330,81.95,1987-01-01,2001-07-01,2014-07-01,14.5,13,"18,417","22,224","27,084",1.30%,1.50%,38.65%,47.16%,49.84%,22.87%,17.36%,16.86%,1.60%,1.50%,1.36%,36.88%,33.98%,31.94%,2.90%,0.30%,208,318,330,140,106,120,-1.90%,1.00%,88,70,82,-1.60%,1.20%,0.18,0.25,6.5,5.1,5%,26%,75.10%,64.20%,19.70%,8.80%,0.50%,1.00%,0%,0%,6,5,0.25,0.27,5.77,4.69,1,1,0.43,0.5,0.43,0.5,50.26,71.09,616.28,594.47,53.31,75.16,1.8,2.8,233.4,161,-,-,2%,77%,89%,77%,9%,0%,0%,0%,79,15,0.19,-33.60%,16,9,20.20%,61.00%,56,4,70.90%,24.70%,2,0,2.50%,0.60%,5,2,6.40%,13.70%,,,70742
93,4.582017451,-74.21911066,Soacha_T1_T2_T3.pdf,Soacha_metrics.jpg,Soacha.zip,Soacha.jpg,Soacha_Metrics.jpg,Soacha.zip,,,,Soacha.jpg,Soacha.png,Soacha,CUNDINAMARCA,Colombia (Co),"540,347","2,734",197.61,1991-01-01,2003-11-01,2015-04-01,12.83,11.41,"149,496","379,060","540,347",7.30%,3.10%,24.75%,50.00%,59.90%,30.26%,13.87%,11.66%,1.51%,0.62%,0.64%,43.49%,35.51%,27.81%,6.20%,2.40%,944,"2,084","2,734",280,282,274,0.00%,-0.30%,158,182,198,1.10%,0.70%,0.19,0.24,6.4,8.4,24%,21%,55.40%,70.80%,35.00%,12.80%,2.90%,8.20%,3%,10%,2.5,1.8,1.1,1.1,1.72,1.38,0.96,0.86,0.78,0.64,0.92,0.88,168.42,293.23,276.62,306.23,140,219.33,4.6,2.8,66.7,65.7,90.9,64.4,0%,91%,40%,43%,44%,23%,16%,25%,810,630,0.78,-58.70%,126,268,15.60%,42.60%,357,175,44.10%,27.70%,94,148,11.50%,23.40%,233,39,28.80%,6.20%,,,25754
94,5.997119,-72.691942,Socha_T1_T2_T3.pdf,Socha_metrics.jpg,Socha.zip,Socha.jpg,Socha_Metrics.jpg,Socha.zip,,,,Socha.jpg,Socha.png,Socha,BOYACÁ,Colombia (Co),"4,553",115,39.46,1991-03-01,2000-02-01,2016-01-01,8.92,15.92,"3,068","3,821","4,553",2.50%,1.10%,0.00%,0.00%,16.54%,47.00%,48.56%,35.65%,3.93%,2.50%,2.65%,49.08%,48.94%,45.16%,2.10%,1.30%,78,94,115,77,80,72,0.40%,-0.70%,39,41,39,0.40%,-0.20%,0.21,0.54,7.1,4.1,3%,41%,52.00%,45.60%,19.30%,16.60%,2.10%,6.40%,0%,0%,4.1,4,0.89,0.63,1.58,1.13,1,1,0,0,0.78,0.64,106.06,97.85,418.59,562.42,244.23,362.68,1.3,3.9,-,-,-,-,10%,1%,13%,0%,77%,1%,0%,0%,8,15,1.86,-12.90%,3,6,37.90%,40.70%,4,6,48.20%,44.40%,0,0,1.10%,1.20%,1,2,12.80%,13.70%,,,15757
95,6.471176103,-73.26120516,Socorro_T1_T2_T3.pdf,Socorro_metrics.jpg,Socorro.zip,Socorro.jpg,Socorro_Metrics.jpg,Socorro.zip,,,,Socorro.jpg,Socorro.png,Socorro,SANTANDER,Colombia (Co),"25,282",287,88.03,1989-12-01,2001-01-01,2015-10-01,11.09,14.75,"17,171","20,964","25,282",1.80%,1.30%,34.07%,33.77%,32.65%,22.08%,21.55%,20.15%,2.92%,1.63%,2.19%,40.93%,43.05%,45.00%,1.60%,1.50%,194,232,287,150,159,160,0.50%,0.10%,88,90,88,0.20%,-0.20%,0.23,0.27,7.3,7.4,7%,4%,71.30%,42.70%,23.20%,14.50%,2.30%,1.80%,0%,4%,2.8,2.5,0,0,4.05,4,1,0.99,0.92,0.88,0,0,105.8,144.28,0,-,106.06,97.85,1.3,0.9,107.8,106.3,99.5,-,20%,67%,21%,39%,48%,28%,11%,0%,17,25,1.5,-19.10%,6,4,34.40%,17.50%,9,13,52.10%,51.60%,0,6,1.60%,22.90%,2,2,11.90%,8.00%,,,68755
96,10.92824114,-74.77878254,Soledad_T1_T2_T3.pdf,Soledad_metrics.jpg,Soledad.zip,Soledad.jpg,Soledad_Metrics.jpg,Soledad.zip,,,,Soledad.jpg,Soledad.png,Soledad,ATLÁNTICO,Colombia (Co),"611,447","3,141",194.64,1991-03-01,2003-01-01,2015-03-01,11.84,12.16,"202,903","426,935","611,447",6.30%,3.00%,36.81%,48.04%,73.85%,16.90%,13.64%,7.13%,1.43%,1.04%,0.13%,44.86%,37.29%,18.89%,3.30%,1.40%,"1,804","2,660","3,141",204,256,240,1.90%,-0.50%,113,160,195,3.00%,1.60%,0.39,0.19,7.5,5.8,44%,34%,69.80%,53.80%,16.60%,17.40%,1.30%,1.10%,11%,5%,2.5,2.2,0,0,3.75,3.07,0.98,0.96,0.66,0.6,0,0,138.91,186.23,0,-,70.78,91.81,3.2,2,-,85.3,-,-,-,95%,-,84%,-,6%,-,5%,673,879,1.31,-53.50%,295,533,43.70%,60.60%,173,289,25.70%,32.90%,90,3,13.30%,0.40%,116,54,17.20%,6.10%,,,8758
97,8.812598071,-74.72296452,Sucre_T1_T2_T3.pdf,Sucre_metrics.jpg,Sucre.zip,Sucre.jpg,Sucre_Metrics.jpg,Sucre.zip,,,,Sucre.jpg,Sucre.png,Sucre,SUCRE,Colombia (Co),"29,939",120,249.18,1987-01-01,2001-07-01,2014-07-01,14.5,13,"10,713","36,428","29,939",8.40%,-1.50%,0.00%,0.00%,14.76%,47.75%,47.92%,39.63%,5.41%,4.66%,4.72%,46.85%,47.42%,40.90%,2.70%,2.30%,60,89,120,336,780,422,5.80%,-4.70%,179,410,249,5.70%,-3.80%,0.11,0.22,5.1,4.7,28%,24%,22.20%,47.40%,11.20%,10.50%,11.30%,3.00%,0%,0%,1.9,2.5,0.71,0.59,1.78,1.57,1,1,0,0,0.66,0.6,88.7,122.06,485.89,578.03,199.21,234.4,1.6,3.9,-,-,-,-,40%,54%,57%,28%,0%,0%,2%,25%,14,24,1.72,-20.40%,4,6,30.70%,26.80%,3,12,24.30%,48.00%,1,0,9.60%,0.40%,5,6,35.50%,24.80%,,,70771
98,5.829656,-72.163317,Tamara_T1_T2_T3.pdf,Tamara_metrics.jpg,Tamara.zip,Tamara.jpg,Tamara_Metrics.jpg,Tamara.zip,,,,Tamara.jpg,Tamara.png,Támara,CASANARE,Colombia (Co),"3,584",88,40.93,1992-09-02,2003-01-04,2016-04-21,10.34,13.3,"1,523","2,241","3,584",3.70%,3.50%,26.02%,27.80%,25.18%,0.00%,0.00%,0.00%,0.00%,0.60%,1.23%,73.98%,71.60%,73.59%,2.50%,2.80%,46,60,88,126,131,155,0.40%,1.30%,33,37,41,1.20%,0.70%,0.32,0.28,5,3.8,35%,66%,61.00%,73.80%,9.80%,2.00%,1.20%,0.00%,0%,0%,2.8,2.2,0,0,1.93,2.47,1,1,0,0,0,0,75.83,100.67,0,-,88.7,122.06,3.8,4.7,-,-,-,-,66%,0%,33%,0%,0%,0%,2%,0%,6,8,1.35,-13.50%,1,1,19.40%,6.60%,4,4,64.10%,50.90%,0,0,0.00%,5.50%,1,3,16.60%,36.90%,,,85400
99,-0.564486,-69.634128,Taraira_T1_T2_T3.pdf,Taraira_metrics.jpg,Taraira.zip,Taraira.jpg,Taraira_Metrics.jpg,Taraira.zip,,,,Taraira.jpg,Taraira.png,Taraira,VAUPÉS,Colombia (Co),827,36,22.86,1990-04-16,1999-09-09,2016-01-11,9.4,16.34,848,820,827,-0.40%,0.10%,89.62%,193.80%,160.70%,0.00%,0.00%,0.00%,0.94%,3.65%,3.98%,313.21%,568.25%,419.40%,10.10%,2.30%,10,25,36,428,138,72,-12.00%,-4.00%,89,33,23,-10.50%,-2.30%,0.16,0.08,3.6,2.8,42%,67%,59.60%,33.90%,5.90%,0.00%,0.10%,0.00%,0%,0%,1.4,0.5,0,0,2.83,2.2,1,1,0,0,0,0,52.48,56.74,0,-,75.83,100.67,1.7,4.3,177.9,282,-,-,24%,36%,76%,36%,0%,0%,0%,0%,17,5,0.32,-17.30%,0,1,0.50%,18.00%,3,3,16.50%,62.30%,1,1,6.40%,19.70%,13,0,76.70%,0.00%,,,97666
100,2.774133,-77.66612,Timbiqui_T1_T2_T3.pdf,Timbiqui_metrics.jpg,Timbiqui.zip,Timbiqui.jpg,Timbiqui_Metrics.jpg,Timbiqui.zip,,,,Timbiqui.jpg,Timbiqui.png,Timbiquí,CAUCA,Colombia (Co),"5,292",107,49.67,1986-11-02,1998-04-02,2015-06-11,11.41,17.19,"2,563","3,257","5,292",2.10%,2.80%,31.25%,40.21%,54.05%,0.00%,0.00%,0.00%,1.42%,0.75%,0.00%,67.33%,59.04%,45.95%,5.60%,3.30%,32,60,107,248,132,92,-5.50%,-2.10%,81,54,50,-3.50%,-0.50%,0.11,0.07,4.4,4.4,19%,22%,57.00%,29.80%,1.10%,3.60%,0.00%,0.00%,0%,0%,4.5,2.7,0,0,1.43,0.49,1,1,0,0,0,0,71.08,87.32,0,-,52.48,56.74,0.5,1.1,-,-,-,-,31%,2%,45%,2%,23%,0%,0%,0%,14,33,2.4,-15.20%,3,6,23.20%,17.40%,10,26,74.20%,80.40%,0,1,2.60%,2.20%,0,0,0.00%,0.00%,,,19809
101,10.87532157,-74.97711834,Tubara_T1_T2_T3.pdf,Tubara_metrics.jpg,Tubara.zip,Tubara.jpg,Tubara_Metrics.jpg,Tubara.zip,,,,Tubara.jpg,Tubara.png,Tubará,ATLÁNTICO,Colombia (Co),"6,567",82,80.01,1991-03-01,1999-01-01,2011-03-01,7.84,12.16,"5,168","5,761","6,567",1.40%,1.10%,0.00%,0.00%,0.00%,37.74%,48.67%,52.41%,17.63%,3.56%,1.21%,44.63%,47.78%,46.38%,9.90%,1.20%,33,71,82,286,156,149,-7.70%,-0.40%,158,81,80,-8.50%,-0.10%,0.18,0.18,5.3,5.3,20%,24%,80.80%,77.50%,0.00%,0.20%,0.00%,0.00%,0%,0%,2.9,2.8,0,0,4.47,2.74,1,1,0,0,0,0,109.3,111.82,0,-,71.08,87.32,0.7,10.9,-,-,-,-,30%,55%,53%,50%,18%,6%,0%,0%,18,6,0.35,-23.90%,3,4,13.70%,69.00%,6,2,35.30%,31.00%,1,0,7.40%,0.00%,8,0,43.60%,0.00%,,,8832
102,0.420062,-76.902988,Valle_del_Guamuez_T1_T2_T3.pdf,Valle_del_Guamuez_metrics.jpg,Valle_del_Guamuez.zip,Valle_del_Guamuez.jpg,Valle_del_Guamuez_Metrics.jpg,Valle_del_Guamuez.zip,,,,Valle_del_Guamuez.jpg,Valle_del_Guamuez.png,Valle del Guamuez,PUTUMAYO,Colombia (Co),"40,291",328,122.85,1989-08-01,1999-06-01,2015-09-01,9.83,16.25,"5,473","17,475","40,291",11.80%,5.10%,33.17%,41.15%,48.00%,0.00%,0.00%,0.00%,0.61%,1.42%,0.69%,66.22%,57.43%,51.32%,10.60%,2.80%,74,208,328,220,197,252,-1.10%,1.50%,74,84,123,1.20%,2.40%,0.16,0.2,8.1,6.8,9%,13%,70.80%,60.30%,8.70%,15.40%,0.20%,0.20%,8%,2%,2.9,2.2,0,0,2.88,2.84,1,1,1,1,0,0,81.84,157.08,0,-,109.3,111.82,2.3,1,-,189.5,-,-,50%,68%,50%,68%,0%,0%,0%,0%,63,71,1.12,-25.50%,9,24,14.40%,34.60%,41,31,65.90%,44.00%,8,10,13.30%,14.40%,4,5,6.40%,7.10%,,,86865
103,6.012000147,-73.67199149,Velez_T1_T2_T3.pdf,Velez_metrics.jpg,Velez.zip,Velez.jpg,Velez_Metrics.jpg,Velez.zip,,,,Velez.jpg,Velez.png,Vélez,SANTANDER,Colombia (Co),"11,880",328,36.25,1991-09-01,2003-01-01,2015-01-01,11.33,12,"6,665","9,627","11,880",3.20%,1.80%,48.21%,50.97%,53.17%,0.00%,0.00%,0.00%,2.68%,3.28%,2.77%,49.11%,45.75%,44.05%,9.40%,2.80%,81,233,328,162,76,65,-6.70%,-1.30%,83,41,36,-6.10%,-1.10%,0.14,0.21,6.4,7.3,13%,6%,50.60%,56.00%,22.00%,26.20%,10.00%,2.30%,0%,0%,2.2,2,2.11,0.54,0.79,1.61,1,0.97,0,0,1,1,142.48,165.77,83.79,122.24,315.23,210.71,1.2,4,-,-,291.3,-,23%,33%,16%,33%,61%,0%,0%,0%,85,56,0.66,-37.00%,11,17,12.70%,30.20%,56,21,65.50%,37.20%,5,6,5.40%,11.20%,14,12,16.40%,21.40%,,,68861
104,5.636577,-73.52718,Villa_De_Leyva_T1_T2_T3.pdf,Villa_De_Leyva_metrics.jpg,Villa_De_Leyva.zip,Villa_De_Leyva.jpg,Villa_De_Leyva_Metrics.jpg,Villa_De_Leyva.zip,,,,Villa_De_Leyva.jpg,Villa_De_Leyva.png,Villa de Leyva,BOYACÁ,Colombia (Co),"12,147",192,63.37,1990-01-01,2001-01-01,2014-01-01,11,13,"1,593","7,230","12,147",13.70%,4.00%,0.00%,0.68%,14.65%,21.28%,40.99%,31.22%,19.83%,4.81%,4.08%,58.89%,53.52%,50.05%,13.30%,2.80%,31,133,192,126,117,127,-0.60%,0.60%,52,54,63,0.50%,1.20%,0.14,0.13,6.1,5.4,12%,28%,61.50%,55.70%,24.10%,33.70%,1.10%,4.20%,0%,0%,3.7,3.1,0,0,2.17,2.03,1,1,0,0,0,0,70.78,91.81,0,-,142.48,165.77,1.4,4.3,-,566.9,-,-,4%,88%,69%,79%,23%,3%,5%,6%,49,33,0.69,-29.90%,2,9,3.10%,27.40%,20,16,41.30%,47.90%,8,1,16.60%,3.80%,19,7,38.90%,20.90%,,,15407
105,5.045267753,-75.51282201,Villamaria_T1_T2_T3.pdf,Villamaria_metrics.jpg,Villamaria.zip,Villamaria.jpg,Villamaria_Metrics.jpg,Villamaria.zip,,,,Villamaria.jpg,Villamaria.png,Villamaría,CALDAS,Colombia (Co),"24,802",244,101.46,1989-08-01,2002-07-01,2014-07-01,12.91,12,"19,308","28,098","24,802",2.90%,-1.00%,25.38%,40.11%,47.61%,25.61%,14.80%,11.52%,1.69%,0.33%,1.10%,47.33%,44.76%,39.76%,0.70%,1.00%,197,217,244,186,235,168,1.80%,-2.80%,98,130,101,2.20%,-2.00%,0.24,0.27,5.5,4.5,23%,43%,63.20%,55.60%,12.90%,1.10%,0.70%,0.00%,0%,0%,1.4,1.4,0,0,1.43,1.43,1,0.97,0.17,0.26,0.17,0.26,177.61,202.57,862.36,808.94,177.61,203.12,0.6,0.4,-,-,-,-,-,100%,0%,0%,86%,94%,9%,6%,16,27,1.72,-23.00%,10,16,66.20%,58.10%,3,9,18.80%,32.90%,0,0,2.30%,1.70%,2,2,12.70%,7.40%,,,17873
106,10.60442,-72.98219449,Villanueva_T1_T2_T3.pdf,Villanueva_metrics.jpg,Villanueva.zip,Villanueva.jpg,Villanueva_Metrics.jpg,Villanueva.zip,,,,Villanueva.jpg,Villanueva.png,Villanueva,GUAJIRA,Colombia (Co),"24,178",408,59.25,1991-03-01,2001-03-01,2014-03-01,10,13,"16,563","21,271","24,178",2.50%,1.00%,36.05%,46.80%,50.51%,22.24%,18.69%,15.53%,2.93%,1.05%,0.60%,38.78%,33.46%,33.37%,3.10%,1.00%,264,360,408,103,89,89,-1.40%,0.00%,63,59,59,-0.60%,0.00%,0.22,0.26,8,8.2,5%,4%,50.50%,47.80%,36.70%,38.50%,6.10%,5.50%,2%,4%,1.4,1.4,0.21,0.16,1.16,1.23,1,1,1,1,1,1,175.74,195.84,72.58,74.04,191.59,205.93,1.4,1,207,-,306.9,382.5,2%,98%,58%,92%,40%,6%,0%,0%,77,32,0.42,-33.40%,17,12,21.60%,37.60%,59,18,76.50%,56.70%,0,2,0.60%,5.60%,1,0,1.30%,0.00%,,,44874
107,11.001226,-74.807782,Municipio_Barranquilla_T1_T2_T3.pdf,Municipio_Barranquilla_metrics.jpg,Municipio_Barranquilla.zip,Municipio_Barranquilla.jpg,Municipio_Barranquilla_Metrics.jpg,Municipio_Barranquilla.zip,,,,Municipio_Barranquilla.jpg,Municipio_Barranquilla.png,Gran Barranquilla,ATLÁNTICO,Colombia (Co),"1,680,472","14,177",118.53,1991-03-01,2001-03-01,2014-03-01,10,13,"1,234,764","1,481,255","1,680,472",1.80%,1.00%,63.77%,67.33%,77.74%,8.40%,9.22%,6.39%,0.65%,0.69%,0.51%,27.17%,22.76%,15.36%,2.90%,1.00%,"9,296","12,389","14,177",182,155,140,-1.60%,-0.80%,133,120,119,-1.10%,-0.10%,0.23,0.24,9,7,18%,28%,33.00%,41.60%,25.80%,15.70%,13.70%,7.50%,10%,7%,2,1.7,1.28,1.11,0.71,0.6,0.86,0.81,0.77,0.7,0.77,0.7,287.29,354.82,386.59,475.34,860.88,966.67,1.5,2.6,125.8,91.3,290.5,103.9,5%,98%,48%,65%,44%,20%,4%,13%,"2,799",2429,0.87,-61.10%,"1,355",1322,48.40%,54.40%,562,719,20.10%,29.60%,361,149,12.90%,6.10%,521,239,18.60%,9.80%,,,8001
108,4.598428,-74.07651589,Municipio_Bogota_T1_T2_T3.pdf,Municipio_Bogota_metrics.jpg,Municipio_Bogota.zip,Municipio_Bogota.jpg,Municipio_Bogota_Metrics.jpg,Municipio_Bogota.zip,,,,Municipio_Bogota.jpg,Municipio_Bogota.png,Gran Bogotá,BOGOTÁ D.C,Colombia (Co),"8,062,610","46,061",175.04,1991-01-01,2003-11-01,2015-04-01,12.83,11.41,"4,948,023","6,887,025","8,062,610",2.60%,1.40%,60.87%,70.54%,70.88%,9.64%,6.71%,7.73%,0.63%,0.51%,0.56%,28.86%,22.18%,20.84%,1.40%,1.50%,"32,204","38,664","46,061",216,229,221,0.50%,-0.30%,154,178,175,1.16%,-0.20%,0.25,0.23,10.9,6.6,14%,16%,30.60%,40.10%,24.00%,18.70%,14.00%,14.00%,17%,11%,2,1.8,1.26,1.13,0.7,0.65,0.97,0.93,0.86,0.8,0.86,0.8,174.57,220.15,369.54,437.72,604.95,612.53,1.9,4.2,-,-,129.5,-,1%,95%,9%,26%,63%,18%,27%,51%,"7,342",7207,0.98,-78.00%,"3,481",2570,47.40%,35.70%,"2,514",1896,34.20%,26.30%,371,635,5.10%,8.80%,976,2106,13.30%,29.20%,,,11001
109,7.119261,-73.122297,Municipio_Bucaramanga_T1_T2_T3.pdf,Municipio_Bucaramanga_metrics.jpg,Municipio_Bucaramanga.zip,Municipio_Bucaramanga.jpg,Municipio_Bucaramanga_Metrics.jpg,Municipio_Bucaramanga.zip,,,,Municipio_Bucaramanga.jpg,Municipio_Bucaramanga.png,Gran Bucaramanga,SANTANDER,Colombia (Co),"794,905","6,471",122.83,1991-03-01,2001-03-01,2014-03-01,10,13,"556,735","633,222","794,905",1.30%,1.70%,53.59%,63.50%,59.08%,13.55%,9.69%,12.34%,0.78%,0.97%,1.21%,32.09%,25.84%,27.37%,1.20%,3.40%,"3,648","4,134","6,471",225,207,169,-0.80%,-1.50%,153,153,123,0.00%,-1.70%,0.25,0.22,15.8,6,10%,35%,45.10%,44.70%,26.30%,12.10%,6.70%,3.30%,12%,5%,3.1,2.6,1.6,1.27,1.54,1.29,0.99,0.95,0.95,0.87,0.95,0.87,128.31,171.25,217.39,291.27,285.67,376.22,1.7,3.5,78.8,62.9,175.9,84.5,7%,63%,4%,19%,66%,27%,23%,16%,587,1634,2.78,-49.00%,342,182,58.30%,11.10%,173,554,29.50%,33.90%,26,169,4.40%,10.30%,46,729,7.80%,44.60%,,,68001
110,3.446145,-76.532163,Municipio_Cali_T1_T2_T3.pdf,Municipio_Cali_metrics.jpg,Municipio_Cali.zip,Municipio_Cali.jpg,Municipio_Cali_Metrics.jpg,Municipio_Cali.zip,,,,Municipio_Cali.jpg,Municipio_Cali.png,Gran Cali,VALLE DEL CAUCA,Colombia (Co),"2,068,138","16,903",122.36,1991-03-01,2001-03-01,2014-03-01,10,13,"1,430,561","1,733,058","2,068,138",1.90%,1.40%,59.35%,66.23%,68.38%,9.46%,8.29%,8.12%,0.76%,0.70%,0.70%,30.43%,24.79%,22.80%,2.60%,2.20%,"9,778","12,636","16,903",210,182,158,-1.40%,-1.10%,146,137,122,-0.60%,-0.90%,0.27,0.17,10.4,12,14%,22%,27.10%,45.50%,34.20%,20.60%,12.00%,4.40%,13%,8%,3.2,2.5,2.83,2.1,0.35,0.38,0.99,0.94,0.99,0.91,0.99,0.91,113.99,191.14,121.09,227.98,918.29,"1,015.51",1.7,8.3,107.6,91.6,173.7,69.7,6%,63%,6%,4%,76%,46%,11%,12%,"2,701",3544,1.31,-60.80%,"1,261",1225,46.70%,34.60%,829,857,30.70%,24.20%,304,332,11.30%,9.40%,307,1130,11.40%,31.90%,,,76001
111,10.4218824,-75.54031375,Municipio_Cartagena_T1_T2_T3.pdf,Municipio_Cartagena_metrics.jpg,Municipio_Cartagena.zip,Municipio_Cartagena.jpg,Municipio_Cartagena_Metrics.jpg,Municipio_Cartagena.zip,,,,Municipio_Cartagena.jpg,Municipio_Cartagena.png,Gran Cartagena,BOLÍVAR,Colombia (Co),"1,118,374","8,640",129.45,1991-03-01,2001-03-01,2014-03-01,10,13,"583,676","752,896","1,118,374",2.50%,3.00%,69.41%,72.69%,76.57%,11.46%,7.17%,6.24%,0.84%,0.63%,0.39%,18.28%,19.52%,16.80%,4.00%,1.60%,"4,677","6,998","8,640",153,134,156,-1.30%,1.20%,125,108,129,-1.50%,1.40%,0.2,0.18,7.6,6.7,16%,21%,49.60%,48.90%,23.70%,20.60%,4.10%,6.10%,6%,3%,2.6,2,0.76,0.57,1.88,1.45,0.97,0.88,0.64,0.56,0.64,0.56,157.08,266.19,524.48,642.04,254.67,393.69,1.5,3.9,164.3,62.4,186,244.2,1%,57%,49%,40%,48%,9%,2%,8%,"1,810",1555,0.86,-57.70%,326,384,18.00%,24.70%,806,792,44.50%,50.90%,31,206,1.70%,13.20%,647,173,35.70%,11.10%,,,13001
112,4.74762,-75.910873,Municipio_Cartago_T1_T2_T3.pdf,Municipio_Cartago_metrics.jpg,Municipio_Cartago.zip,Municipio_Cartago.jpg,Municipio_Cartago_Metrics.jpg,Municipio_Cartago.zip,,,,Municipio_Cartago.jpg,Municipio_Cartago.png,Gran Cartago,VALLE DEL CAUCA,Colombia (Co),"123,480","1,317",93.78,1991-03-01,2001-03-01,2014-03-01,10,13,"76,652","110,995","123,480",3.70%,0.80%,51.11%,44.15%,51.91%,14.60%,20.39%,16.10%,1.92%,1.75%,1.31%,32.37%,33.71%,30.68%,4.10%,0.70%,801,"1,210","1,317",141,138,135,-0.20%,-0.20%,96,92,94,-0.40%,0.20%,0.21,0.18,8,7,11%,15%,50.80%,54.30%,24.30%,22.40%,7.60%,3.10%,7%,5%,1.8,1.7,0.85,0.99,0.99,0.68,0.92,0.91,0.68,0.75,0.68,0.75,239.25,253.39,450.73,391.28,319.42,391.66,2.1,4,59.8,-,99,-,14%,85%,8%,9%,74%,59%,4%,17%,259,110,0.43,-42.80%,71,45,27.20%,40.90%,43,55,16.60%,49.90%,20,1,7.60%,1.10%,126,9,48.60%,8.20%,,,76147
113,9.321697,-75.294467,Municipio_Corozal_T1_T2_T3.pdf,Municipio_Corozal_metrics.jpg,Municipio_Corozal.zip,Municipio_Corozal.jpg,Municipio_Corozal_Metrics.jpg,Municipio_Corozal.zip,,,,Municipio_Corozal.jpg,Municipio_Corozal.png,Gran Corozal,SUCRE,Colombia (Co),"72,177",893,80.82,1991-03-01,2001-03-01,2014-03-01,10,13,"48,663","47,694","72,177",-0.20%,3.20%,49.61%,45.31%,35.65%,14.23%,18.86%,23.65%,1.71%,2.34%,1.93%,34.45%,33.49%,38.76%,4.30%,3.30%,378,582,893,196,123,132,-4.70%,0.50%,129,82,81,-4.50%,-0.10%,0.23,0.22,7,4.9,11%,40%,55.10%,50.50%,28.90%,7.20%,3.40%,0.60%,2%,2%,3.1,2.5,0.11,0.21,3.04,2.29,1,1,1,1,1,1,98.31,126.21,115,148.94,98.45,151.12,1.1,2.1,121.1,143.8,128.6,-,0%,52%,69%,38%,31%,2%,0%,11%,138,160,1.16,-37.90%,29,26,20.70%,16.20%,67,42,48.70%,26.30%,5,25,3.80%,15.50%,37,67,26.80%,42.00%,,,70215
114,7.884976051,-72.49200223,Municipio_Cucuta_T1_T2_T3.pdf,Municipio_Cucuta_metrics.jpg,Municipio_Cucuta.zip,Municipio_Cucuta.jpg,Municipio_Cucuta_Metrics.jpg,Municipio_Cucuta.zip,,,,Municipio_Cucuta.jpg,Municipio_Cucuta.png,Gran Cúcuta,NORTE DE SANTANDER,Colombia (Co),"739,321","9,953",74.28,1991-03-01,2001-03-01,2014-03-01,10,13,"455,553","581,707","739,321",2.40%,1.80%,56.94%,64.40%,70.98%,11.97%,10.09%,6.94%,0.80%,0.71%,0.57%,30.29%,24.79%,21.52%,5.90%,2.30%,"4,104","7,421","9,953",159,104,95,-4.20%,-0.70%,111,78,74,-3.50%,-0.40%,0.23,0.22,8.5,6.9,9%,13%,38.60%,58.50%,38.50%,22.20%,9.60%,2.70%,4%,3%,2.4,2,0.77,0.72,1.64,1.23,0.99,0.95,0.67,0.7,0.67,0.7,163.03,206.05,473.38,478.27,219.14,434.48,1.8,1.7,195.2,185.4,169.5,584.5,20%,75%,37%,37%,42%,27%,1%,12%,"2,719",2230,0.82,-60.80%,636,593,23.40%,26.60%,"1,630",886,59.90%,39.70%,105,85,3.90%,3.80%,348,666,12.80%,29.90%,,,54001
115,5.06889127,-75.51752602,Municipio_Manizales_T1_T2_T3.pdf,Municipio_Manizales_metrics.jpg,Municipio_Manizales.zip,Municipio_Manizales.jpg,Municipio_Manizales_Metrics.jpg,Municipio_Manizales.zip,,,,Municipio_Manizales.jpg,Municipio_Manizales.png,Gran Manizales,CALDAS,Colombia (Co),"361,529","2,906",124.4,1991-03-01,2001-03-01,2014-03-01,10,13,"269,306","309,878","361,529",1.40%,1.20%,36.84%,43.22%,41.49%,20.50%,16.88%,18.60%,1.58%,1.23%,1.52%,41.08%,38.67%,38.39%,0.80%,3.00%,"1,819","1,971","2,906",251,256,202,0.20%,-1.80%,148,157,124,0.60%,-1.80%,0.27,0.22,7.3,6.4,12%,25%,54.70%,50.20%,24.30%,14.50%,3.80%,3.60%,5%,6%,3.7,3.3,1.57,1.38,2.09,1.89,1,0.99,0.89,0.87,0.89,0.87,104.92,119.65,278.8,297.58,171.93,190.87,1.1,3.3,-,-,90.9,83.4,11%,72%,4%,2%,77%,47%,8%,23%,137,581,4.25,-37.80%,85,139,61.80%,23.90%,32,94,23.30%,16.20%,4,178,3.20%,30.60%,16,171,11.70%,29.40%,,,17001
116,6.257480514,-75.57349999,Municipio_Medellin_T1_T2_T3.pdf,Municipio_Medellin_metrics.jpg,Municipio_Medellin.zip,Municipio_Medellin.jpg,Municipio_Medellin_Metrics.jpg,Municipio_Medellin.zip,,,,Municipio_Medellin.jpg,Municipio_Medellin.png,Gran Medellín,ANTIOQUIA,Colombia (Co),"3,357,809","23,947",140.22,1991-03-01,2001-03-01,2014-03-01,10,13,"2,279,471","2,680,424","3,357,809",1.60%,1.70%,64.00%,68.40%,65.70%,9.12%,8.10%,9.52%,0.71%,0.67%,0.85%,26.18%,22.84%,23.93%,2.80%,2.40%,"13,346","17,617","23,947",231,197,184,-1.60%,-0.50%,171,152,140,-1.20%,-0.60%,0.23,0.14,9,5.3,11%,32%,34.50%,47.20%,34.10%,17.00%,12.50%,2.80%,8%,1%,2.3,1.7,1.35,0.93,0.92,0.77,0.84,0.77,0.7,0.55,0.7,0.55,294.05,405.3,486.75,745.92,604.49,661.17,3.1,7.5,-,-,167.1,292.8,15%,40%,1%,0%,57%,16%,27%,24%,"3,741",4621,1.24,-63.30%,"1,418",1444,37.90%,31.20%,"1,498",1525,40.00%,33.00%,359,595,9.60%,12.90%,467,1058,12.50%,22.90%,,,5001
117,4.808274,-75.690868,Municipio_Pereira_T1_T2_T3.pdf,Municipio_Pereira_metrics.jpg,Municipio_Pereira.zip,Municipio_Pereira.jpg,Municipio_Pereira_Metrics.jpg,Municipio_Pereira.zip,,,,Municipio_Pereira.jpg,Municipio_Pereira.png,Gran Pereira,RISARALDA,Colombia (Co),"486,071","4,850",100.22,1991-03-01,2001-03-01,2014-03-01,10,13,"279,370","463,214","486,071",5.10%,0.40%,45.48%,40.71%,46.31%,16.54%,17.69%,15.44%,1.25%,1.10%,0.94%,36.74%,40.50%,37.31%,7.30%,1.10%,"2,040","4,219","4,850",216,185,160,-1.60%,-1.10%,137,110,100,-2.20%,-0.70%,0.26,0.24,9.4,7.4,10%,27%,34.40%,36.10%,34.50%,20.80%,12.20%,7.40%,9%,8%,3.9,3,1.12,0.96,2.8,2.01,1,0.96,0.88,0.78,0.88,0.78,102.85,164.7,299.76,395.53,179.14,238.66,2.8,6.3,-,-,122.9,80,15%,90%,4%,39%,69%,32%,12%,19%,"1,219",529,0.43,-54.70%,209,229,17.10%,43.20%,327,174,26.80%,32.90%,164,55,13.40%,10.50%,520,71,42.60%,13.40%,,,66001
118,5.531808528,-73.36179674,Municipio_Tunja_T1_T2_T3.pdf,Municipio_Tunja_metrics.jpg,Municipio_Tunja.zip,Municipio_Tunja.jpg,Municipio_Tunja_Metrics.jpg,Municipio_Tunja.zip,,,,Municipio_Tunja.jpg,Municipio_Tunja.png,Gran Tunja,BOYACÁ,Colombia (Co),"150,704","2,113",71.31,1991-03-01,2001-03-01,2014-03-01,10,13,"101,442","118,100","150,704",1.50%,1.90%,30.70%,36.84%,41.98%,23.70%,19.96%,16.94%,2.14%,0.85%,0.92%,43.46%,42.35%,40.15%,2.50%,0.70%,"1,496","1,923","2,113",120,107,119,-1.20%,0.90%,68,61,71,-1.00%,1.10%,0.25,0.26,7.4,6.1,18%,18%,48.40%,66.80%,20.90%,11.50%,5.80%,1.80%,7%,2%,1.7,1.7,0.99,0.96,0.7,0.72,0.99,0.99,0.85,0.82,0.85,0.82,167.04,175.45,326.74,349,371.51,395.99,2.8,6.4,-,86.4,-,81,12%,77%,24%,34%,45%,30%,19%,13%,262,155,0.59,-42.80%,108,83,41.10%,53.70%,97,39,36.80%,25.10%,21,8,7.90%,5.20%,37,25,14.10%,16.10%,,,15001